,labels,predictions
0,"[('sushi', 'good', 'positive')]","[('sushi', 'good', 'positive')]"
1,"[('portions', 'Not the biggest', 'neutral'), ('portions', 'adequate', 'neutral')]","[('portions', 'biggest', 'neutral')]"
2,"[('Green Tea creme brulee', 'must', 'positive')]","[('Green Tea creme brulee', 'must', 'positive')]"
3,"[('sushi', 'great', 'positive'), ('service', 'better', 'positive')]","[('sushi', 'great', 'positive'), ('service', 'better', 'positive')]"
4,"[('staff', 'accomodating', 'positive')]","[('staff', 'accomodating', 'positive')]"
5,"[('owner', 'belligerent', 'negative')]","[('owner', 'belligerent', 'negative')]"
6,"[('food', 'Good', 'positive')]","[('food', 'Good', 'positive')]"
7,"[('meal', 'delicious', 'positive')]","[('meal', 'delicious', 'positive')]"
8,"[('staff', 'friendly', 'positive')]","[('staff', 'friendly', 'positive')]"
9,"[('onion rings', 'great', 'positive')]","[('onion rings', 'great', 'positive')]"
10,"[('lemon chicken', 'sticky sweet', 'negative'), ('honey walnut prawns', 'not good', 'negative')]","[('lemon chicken', 'sticky sweet', 'negative'), ('beeswax prawns', 'good', 'negative')]"
11,"[('ambience', 'Nice', 'positive'), ('place', 'overrated', 'negative')]","[('ambience', 'Nice', 'positive'), ('place', 'overrated', 'negative')]"
12,"[('Service', 'Worst', 'positive')]","[('Service', 'Worst', 'negative')]"
13,"[('service', 'worst', 'negative')]","[('service', 'worst', 'negative')]"
14,"[('waiter', 'non-existent', 'negative')]","[('waiter', 'non-existent', 'negative')]"
15,"[('manager', 'not even apologetic', 'negative')]","[('manager', 'not even apologetic', 'negative')]"
16,"[('Italian Food', 'Fabulous', 'positive')]","[('Italian Food', 'Fabulous', 'positive')]"
17,"[('Mioposto', 'recommend', 'positive')]","[('Mioposto', 'recommend', 'positive')]"
18,"[('Italian restaurant', 'wonderful', 'positive')]","[('Italian restaurant', 'wonderful', 'positive')]"
19,"[('wine list', 'wonderful', 'positive')]","[('wine list', 'wonderful', 'positive'), ('food', 'reminds me of my recent trip to Italy', 'positive')]"
20,"[('restaurant', 'love', 'positive')]","[('restaurant', 'love', 'positive')]"
21,"[('meal', 'amazing', 'positive'), ('service', 'amazing', 'positive'), ('ambiance', 'amazing', 'positive')]","[('meal', 'amazing', 'positive'), ('service', 'amazing', 'positive'), ('ambiance', 'imaginable', 'positive')]"
22,"[('wine list', 'incredible', 'positive'), ('wine list', 'extensive', 'positive'), ('wine list', 'diverse', 'positive'), ('food', 'incredible', 'positive'), ('staff', 'nice', 'positive')]","[('wine list', 'incredible', 'positive'), ('food', 'incredible', 'positive'), ('staff', 'good', 'positive')]"
23,"[('food', 'great', 'positive')]","[('food', 'great', 'positive')]"
24,"[('food', 'high quality', 'positive'), ('service', 'good', 'positive')]","[('food', 'high quality', 'positive'), ('service', 'good', 'positive')]"
25,"[('place', 'relax', 'positive'), ('food', 'finest quality', 'positive')]","[('food', 'finest quality', 'positive')]"
26,"[('food', 'real', 'positive'), ('food', 'best', 'positive')]","[('Caution', 'real food', 'positive')]"
27,"[('atmosphere', 'liked', 'positive'), ('food', 'not worth the price', 'negative')]","[('atmosphere', 'liked', 'positive'), ('food', 'not worth the price', 'negative')]"
28,"[('food', 'okay', 'negative')]","[('food', 'okay', 'neutral')]"
29,"[('Rice', 'too dry', 'negative'), ('tuna', ""wasn't so fresh"", 'negative')]","[('Rice', 'too dry', 'negative'), ('tuna', ""wasn't so fresh"", 'negative')]"
30,"[('fish', 'excellent', 'positive')]","[('fish', 'excellent', 'positive')]"
31,"[('service', 'lacking', 'negative')]","[('value', 'lacking', 'negative'), ('service', 'lacking', 'negative')]"
32,"[('fish', 'fresh', 'positive'), ('rolls', 'bland', 'negative')]","[('fish', 'fresh', 'negative'), ('rolls', 'bland', 'negative')]"
33,"[('service', 'mediocre', 'negative'), ('service', 'offensive', 'negative')]","[('service', 'mediocre', 'negative'), ('service', 'offensive', 'negative')]"
34,"[('waiter', 'dismissive', 'negative')]","[('waiter', 'dismissive', 'negative')]"
35,"[('sushi', 'Freshest', 'positive'), ('restaurant', 'love', 'positive')]","[('sushi', 'Freshest', 'positive')]"
36,"[('rolls', 'complex', 'positive')]","[('miso soup', 'detail', 'positive'), ('rolls', 'complex', 'positive')]"
37,"[('sashimi', 'freshest', 'positive'), ('sashimi', 'tender', 'positive')]","[('sashimi', 'fresh', 'positive'), ('sashimi', 'tender', 'positive')]"
38,"[('apps', 'delicious', 'positive')]","[('apps', 'delicious', 'positive')]"
39,"[('place', 'expensive', 'negative')]","[('place', 'expensive', 'negative'), ('portions', 'small', 'negative')]"
40,"[('space', 'small', 'positive'), ('space', 'lovely', 'positive'), ('service', 'helpful', 'positive')]","[('space', 'small', 'positive'), ('space', 'lovely', 'positive'), ('service', 'helpful', 'positive')]"
41,"[('food', 'not great', 'negative'), ('waiters', 'rude', 'negative')]","[('food', 'not great', 'negative'), ('waiters', 'rude', 'negative')]"
42,"[('service', 'great', 'positive')]","[('service', 'great', 'positive')]"
43,"[('service', 'stellar', 'positive')]","[('service', 'stellar', 'positive')]"
44,"[('food', 'fine', 'positive')]","[('food', 'fine', 'positive'), ('sala', 'little-tastier-than-normal', 'negative')]"
45,"[('food', 'great', 'positive'), ('margaritas', 'great', 'positive'), ('waitress', 'too busy', 'negative')]","[('food', 'great', 'positive'), ('margaritas', 'great', 'positive'), ('waitress', 'too busy', 'negative')]"
46,"[('pizza place', 'great', 'positive')]","[('pizza place', 'great', 'positive')]"
47,"[('Sushi', 'Best', 'positive')]","[('Sushi', 'Best', 'positive')]"
48,"[('calamari', 'best', 'positive')]","[('calamari', 'best', 'positive')]"
49,"[('deck', 'best', 'positive')]","[('seattle evening weather', 'best', 'positive')]"
50,"[('place', 'perfect', 'positive')]","[('place', 'perfect', 'positive')]"
51,"[('music', 'awesome', 'positive'), ('staff', 'great', 'positive')]","[('music', 'awesome', 'positive'), ('staff', 'great', 'positive')]"
52,"[('bar', 'best', 'positive')]","[('bar', 'best', 'positive')]"
53,"[('draft and bottle selection', 'Great', 'positive')]","[('drunk', 'Great', 'positive'), ('bottle selection', 'Great', 'positive'), ('', '', '')]"
54,"[(""jukebox's"", 'best', 'positive')]","[(""jukebox's"", 'best', 'positive')]"
55,"[('food', 'great', 'positive')]","[('food', 'great', 'positive'), ('bartenders', 'go that extra mile', 'positive')]"
56,"[('owners', 'great', 'positive'), ('beer selection', 'worth staying for', 'positive')]","[('beer selection', 'worth staying', 'positive')]"
57,"[('upstairs', 'great', 'positive')]","[('upstairs', 'great', 'positive')]"
58,"[('balconey', 'favorite', 'positive')]","[('smoking places', 'favorite', 'positive')]"
59,"[('sushi', 'delicious', 'positive')]","[('sushi', 'delicious', 'positive')]"
60,"[('fish', 'wide variety', 'positive')]","[('fish', 'wide variety', 'positive')]"
61,"[('Jellyfish', 'good', 'positive'), ('Horse Mackerel', 'good', 'positive'), ('Blue Fin Tuna', 'good', 'positive'), ('Sake Ikura roll', 'good', 'positive')]","[('Jellyfish', 'good', 'positive'), ('Horse Mackerel', 'good', 'positive'), ('Blue Fin Tuna', 'good', 'positive'), ('Sake Ikura roll', 'good', 'positive')]"
62,"[('decor', 'rustic', 'neutral'), ('decor', 'traditional Japanese', 'neutral')]","[('decor', 'rustic', 'positive'), ('decor', 'traditional', 'positive')]"
63,"[('service', 'courteous', 'positive'), ('service', 'attentive', 'positive')]","[('service', 'courteous', 'positive'), ('service', 'attentive', 'positive')]"
64,"[('food', 'Mediocre', 'neutral')]","[('food', 'Mediocre', 'negative')]"
65,"[('menu', 'abbreviated', 'neutral')]","[('outdoor patio area', 'abbreviated', 'positive')]"
66,"[('food', 'mediocre', 'negative')]","[('food', 'mediocre', 'negative')]"
67,"[('food', 'average', 'negative')]","[('food', 'average', 'negative')]"
68,"[('Service', 'decent', 'neutral')]","[('Service', 'decent', 'neutral')]"
69,"[('Drinks', 'good', 'positive')]","[('Drinks', 'good', 'positive')]"
70,"[('food', 'Excellent', 'positive'), ('ambience', 'nice', 'positive')]","[('food', 'Excellent', 'positive'), ('ambience', 'nice', 'positive'), ('price', 'relativement élevé', 'positive')]"
71,"[('pumpkin ravioli', 'loved', 'positive'), ('goat cheese gnocchi', 'loved', 'positive'), ('filet mignon on top of spinach and mashed potatoes', 'loved', 'positive')]","[('pumpkin ravioli', 'loved', 'positive'), ('', '', ''), ('', '', '')]"
72,"[('ambiance', 'peaceful', 'positive'), ('ambiance', 'relaxing', 'positive')]","[('ambiance', 'peaceful', 'positive'), ('ambiance', 'relaxing', 'positive')]"
73,"[('Indian food', 'Best', 'positive')]","[('Indian food', 'Best', 'positive')]"
74,"[('chicken curry', 'favorite', 'positive'), ('chicken tikka masala', 'favorite', 'positive')]","[('chicken curry', 'favorite', 'positive'), ('chicken tikka masala', 'favorite', 'positive')]"
75,"[('chana masala ( garbanzo beans )', 'excellent', 'positive')]","[('chana masala ( garbanzo beans )', 'excellent', 'positive')]"
76,"[('location', 'not the greatest', 'neutral')]","[('food', 'not the greatest', 'positive')]"
77,"[('service', 'great', 'positive')]","[('service', 'never too crowded', 'positive'), ('service', 'great', 'positive')]"
78,"[('saag', 'recommend', 'positive'), ('paneer', 'recommend', 'positive'), ('korma', 'recommend', 'positive')]","[('saag', 'recommend', 'positive'), ('paneer', 'recommend', 'positive'), ('korma', 'recommend', 'positive')]"
79,"[('delivery', 'appreciate', 'positive')]","[('delivery', 'appreciate', 'positive')]"
80,"[('food', 'Nice', 'negative')]","[('food', 'Nice', 'neutral')]"
81,"[('meal', 'enjoyed', 'positive')]","[('meal', 'enjoyed', 'positive')]"
82,"[('lamb korma', 'yummy', 'positive'), ('saag paneer', 'yummy', 'positive'), ('samosas', 'yummy', 'positive'), ('naan', 'yummy', 'positive')]","[('lamb korma', 'yummy', 'positive'), ('saag paneer', 'yummy', 'positive'), ('samosas', 'yummy', 'positive'), ('naan', 'etc.', 'positive')]"
83,"[('food', 'good', 'negative'), ('food', 'too mild', 'negative')]","[('food', 'good', 'negative'), ('food', 'mild', 'negative')]"
84,"[('naan', 'best', 'positive'), ('bhartha', 'enjoyed', 'positive')]","[('naan', 'best', 'positive')]"
85,"[('chickpeas', 'good', 'positive')]","[('chickenpeas', 'good', 'positive')]"
86,"[('fajita salad', 'delicious', 'positive'), ('colorado', 'delicious', 'positive'), ('fajitas', 'delicious', 'positive')]","[('fajita salad', 'delicious', 'positive'), ('colorado', 'delicious', 'positive'), ('fajitas', 'delicious', 'positive')]"
87,"[('environment', 'warm', 'positive'), ('environment', 'cosy', 'positive')]","[('environment', 'warm', 'positive'), ('environment', 'cosy', 'positive')]"
88,"[('restaurant', 'best', 'positive'), ('decor', 'great', 'positive'), ('customer service', 'great', 'positive'), ('manager', 'friendly', 'positive')]","[('decor', 'great', 'positive'), ('customer service', 'great', 'positive'), ('manager', 'friendly', 'positive')]"
89,"[('food', 'never disappointed', 'positive')]","[('food', 'never disappointed', 'positive')]"
90,"[('atmosphere', 'great', 'positive')]","[('atmosphere', 'great', 'positive')]"
91,"[('lunch spot', 'great', 'positive')]","[('lunch spot', 'great', 'positive')]"
92,"[('mexican spot', 'Great', 'positive')]","[('financial district mexican spot', 'Great', 'positive')]"
93,"[('service', 'quick', 'positive')]","[('service', 'quick', 'positive')]"
94,"[('taco salads', 'good', 'positive'), ('burritos', 'good', 'positive'), ('enchiladas', 'good', 'positive'), ('place', 'love', 'positive')]","[('place', 'good', 'positive'), ('taco salads', 'good', 'positive'), ('', '', '')]"
95,"[('margaritas', 'great', 'positive')]","[('margaritas', 'great', 'positive')]"
96,"[('food', 'unforgettable', 'positive')]","[('food', 'unforgettable', 'positive')]"
97,"[('staff', 'friendly', 'positive'), ('decor', 'ethic', 'positive'), ('decor', 'colorful', 'positive')]","[('staff', 'friendly', 'positive'), ('decor', 'ethic', 'positive'), ('decor', 'colorful', 'positive')]"
98,"[('Hummus', 'Holy', 'positive')]","[('Hummus', 'Holy', 'positive')]"
99,"[('food', 'incredible', 'positive')]","[('food', 'incredible', 'positive')]"
100,"[('Dinners', 'excellent', 'positive')]","[('Dinners', 'excellent', 'positive')]"
101,"[('side of potatoes', 'die for', 'positive'), ('labne ( yogurt dip )', 'side of potatoes', 'positive')]","[('side of potatoes', 'die for', 'positive'), ('labne ( yogurt dip )', 'die for', 'positive')]"
102,"[('hummus', 'best', 'positive')]","[('hummus', 'best', 'positive'), ('olive oil', 'fragrant', 'positive')]"
103,"[('seating', 'crowded', 'negative'), ('service', 'slow', 'negative')]","[('seating', 'crowded', 'negative'), ('service', 'slow', 'negative')]"
104,"[('place', 'gem', 'positive')]","[('place', 'gem', 'positive')]"
105,"[('beer', 'great', 'positive')]","[('beer', 'great', 'positive')]"
106,"[('beer', 'warm', 'negative'), ('meal', 'mediocre', 'negative')]","[('beer', 'warm', 'negative'), ('meal', 'mediocre', 'negative')]"
107,"[('band', 'good', 'positive'), ('service', 'attentive', 'positive')]","[('band', 'good', 'positive'), ('service', 'attentive', 'positive')]"
108,"[('shoe string onions', 'good', 'positive'), ('goat cheese pizza', 'good', 'positive'), ('grilled asparagus', 'good', 'positive'), ('fried brie with fruit', 'good', 'positive')]","[('sock string onions', 'good', 'positive'), ('goat cheese pizza', 'good', 'positive'), ('', '', '')]"
109,"[('Winelist', 'BEST', 'positive')]","[('Wines', 'BEST', 'positive')]"
110,"[('sommelier', 'fantastic', 'positive'), ('sommelier', 'down-to-earth', 'positive'), ('sommelier', 'knowlegable', 'positive')]","[('sommelier', 'fantastic', 'positive'), ('sommelier', 'down-to-earth', 'positive'), ('sommelier', 'knowlegable', 'positive')]"
111,"[('service', 'worst', 'negative')]","[('food', 'not what it once was', 'negative'), ('potions', 'downsizing', 'negative'), ('service', 'worst', 'negative')]"
112,"[('Place', 'Cool', 'positive'), ('Pizza', 'Best', 'positive'), ('Coffee', 'Best', 'positive')]","[('Pizza', 'Best', 'positive'), ('Cafe', 'Best', 'positive')]"
113,"[('pizza menu', 'creative', 'positive'), ('pizza menu', 'delicious', 'positive')]","[('pizza menu', 'creative', 'positive'), ('pizza menu', 'delicious', 'positive')]"
114,"[('coffe', 'good', 'positive')]","[('coffee', 'good', 'positive')]"
115,"[('ambience', 'Great open', 'positive'), ('ambience', 'friendly', 'positive')]","[('ambience', 'Great open', 'positive'), ('ambience', 'friendly', 'positive')]"
116,"[('place', 'charming', 'positive'), ('place', 'relaxing', 'positive')]","[('place', 'charming', 'positive'), ('place', 'relaxing', 'positive')]"
117,"[('servers behind the counter', 'friendly', 'positive'), ('servers behind the counter', 'helpful', 'positive')]","[('servers', 'friendly', 'positive'), ('servers', 'helpful', 'positive')]"
118,"[('food', 'enjoy', 'positive'), ('place', 'great', 'positive')]","[('food', 'enjoy', 'positive')]"
119,"[('food', 'Great', 'positive'), ('location', 'spectacular', 'positive'), ('service', 'friendly', 'positive')]","[('food', 'Great', 'positive'), ('location', 'spectacular', 'positive'), ('service', 'friendly', 'positive')]"
120,"[('food', 'Enjoyed', 'positive')]","[('food', 'Enjoyed', 'positive')]"
121,"[('Food', 'good', 'positive'), ('Food', 'cheap', 'positive')]","[('Food', 'good', 'positive'), ('Food', 'cheap', 'positive')]"
122,"[('kafta plate', 'enjoyed', 'positive')]","[('kafta plate', 'enjoyed', 'positive')]"
123,"[('Atmosphere', 'nice', 'positive')]","[('Atmosphere', 'nice', 'positive')]"
124,"[('Service', 'slow', 'negative')]","[('Service', 'slow', 'negative')]"
125,"[('place', 'recommend', 'positive')]","[('place', 'recommend', 'positive')]"
126,"[('FOOD', 'AMAZING', 'positive'), ('PEOPLE', 'NICE', 'positive')]","[('FOOD', 'AMAZING', 'positive')]"
127,"[('food', 'Great', 'positive'), ('atmosphere', 'awesome', 'positive')]","[('food', 'Great', 'positive'), ('atmosphere', 'awesome', 'positive')]"
128,"[('Eggs', 'delicious', 'positive'), ('pancakes', 'delicious', 'positive'), ('potatoes', 'delicious', 'positive'), ('fresh fruit', 'delicious', 'positive'), ('yogurt', 'delicious', 'positive')]","[('eggs', 'delicious', 'positive'), ('pastas', 'delicious', 'positive'), ('fruit', 'delicious', 'positive'), ('yogurt', 'delicious', 'positive')]"
129,"[('meal', 'great', 'positive'), ('fish on the omikase platter', 'decadent', 'positive'), ('fish on the omikase platter', 'perfect', 'positive')]","[('meal', 'great', 'positive'), ('fish', 'decadent', 'positive'), ('sushi', 'fair', 'positive')]"
130,"[('waitstaff', 'accomodating', 'positive')]","[('waitstaff', 'accomodating', 'positive')]"
131,"[('sake', 'perfect', 'positive')]","[('sushi', 'perfect', 'positive')]"
132,"[('sushi', 'Unbeatable', 'positive')]","[('sushi', 'Unbeatable', 'positive')]"
133,"[('rolls', 'tasty', 'positive')]","[('nigiri', 'Melt', 'positive'), ('sashmi', 'tasty', 'positive')]"
134,"[('oyster roll', 'try', 'positive')]","[('oyster roll', 'try', 'positive')]"
135,"[('sushi', 'best', 'positive')]","[('sushi', 'delicious', 'positive'), ('sushi', 'fantastic', 'positive'), ('sushi', 'perfect', 'positive'), ('', '', '')]"
136,"[('Chuwam Mushi', 'best', 'positive')]","[('Chuwam Mushi', 'best', 'positive')]"
137,"[('Sushi', 'Good', 'negative')]","[('Sushi', 'Good', 'positive'), ('Sushi', 'High Price', 'positive')]"
138,"[('Sushi place', 'best', 'positive')]","[('Sushi', 'best', 'positive')]"
139,"[('house special roll', 'good', 'positive')]","[('house special roll', 'good', 'positive')]"
140,"[(""Murphy's"", 'amazing', 'positive')]","[(""Murphy's"", 'amazing', 'positive')]"
141,"[('food', 'freshly prepared', 'positive')]","[('brunch', 'die for', 'positive'), ('egg white omelet', 'freshly prepared', 'positive')]"
142,"[('spot', 'perfect', 'positive')]","[('spot', 'perfect', 'positive')]"
143,"[('desserts', 'scrumptious', 'positive')]","[('desserts', 'scrumptious', 'positive')]"
144,"[('wine list', 'extensive', 'positive'), ('ambiance', ""won't forget"", 'positive')]","[('wine list', 'extensive', 'positive'), ('ambiance', 'forget', 'positive')]"
145,"[('Mexican place', 'Best', 'positive')]","[('Mexican place', 'Best', 'positive')]"
146,"[('enchiladas', 'Love', 'positive'), ('chicken soup', 'Love', 'positive')]","[('enchiladas', 'Love', 'positive'), ('chicken soup', 'Love', 'positive'), ('specials', 'check out', 'positive')]"
147,"[('service', 'efficient', 'positive')]","[('service', 'efficient', 'positive')]"
148,"[('sushi', 'excellent', 'positive'), ('wait staff', 'quick', 'positive')]","[('sushi', 'excellent', 'positive'), ('wait staff', 'quick', 'positive')]"
149,"[('atmosphere', 'okay', 'neutral')]","[('atmosphere', 'okay', 'neutral')]"
150,"[('Space', 'limited', 'negative')]","[('Space', 'limited', 'negative')]"
151,"[('employees', 'ignoring', 'negative')]","[('staff', 'ignoring', 'negative')]"
152,"[('Caesar salad', ""couldn't eat"", 'negative')]","[('Caesar salad', 'order', 'negative')]"
153,"[('food', 'Great', 'positive'), ('Margaritas', 'better', 'positive')]","[('food', 'Great', 'positive'), ('Margaritas', 'better', 'positive')]"
154,"[('portions', 'huge', 'positive'), ('service', 'fast', 'positive'), ('margaritas', 'amazing', 'positive')]","[('portions', 'huge', 'positive'), ('service', 'fast', 'positive'), ('margaritas', 'amazing', 'positive')]"
155,"[('service', 'quick', 'positive')]","[('service', 'quick', 'positive')]"
156,"[('art on the walls', 'colorful', 'positive')]","[('art', 'colorful', 'positive')]"
157,"[('place', 'love', 'positive')]","[('place', 'love', 'positive')]"
158,"[('meal', 'bad', 'positive')]","[('meal', 'never had a bad', 'positive')]"
159,"[('lunch menu', 'awesome', 'positive')]","[('lunch menu', 'awesome', 'positive')]"
160,"[('food', 'plenty of', 'positive')]","[('food', 'plenty', 'positive')]"
161,"[('ingrediants', 'Fresh', 'positive'), ('ingrediants', 'tasty', 'positive')]","[('ingredients', 'Fresh', 'positive'), ('ingredients', 'tasty', 'positive')]"
162,"[('food', 'Best', 'positive'), ('service', 'phenominal', 'positive')]","[('food', 'Best', 'positive'), ('service', 'phenominal', 'positive')]"
163,"[('fish', 'freshest', 'positive'), ('service', 'superb', 'positive')]","[('fish', 'freshest', 'positive'), ('service', 'superb', 'positive')]"
164,"[('selection', 'innovative', 'positive'), ('sushi', 'nice', 'positive'), ('sushi', 'traditional', 'positive')]","[('sushi', 'innovative', 'positive'), ('traditional sushi', 'nice', 'positive')]"
165,"[('waiters', 'nicest', 'positive')]","[('waiters', 'nicest', 'positive')]"
166,"[('place', 'over-rated', 'negative')]","[('place', 'over-rated', 'negative')]"
167,"[('brunch food', 'average', 'neutral')]","[('brunch food', 'average', 'negative')]"
168,"[('regular menu', 'above average', 'neutral'), ('regular menu', 'not worth the snotty attitude', 'neutral')]","[('regular menu', 'above average', 'neutral')]"
169,"[('fish', 'love expertly cut', 'positive'), ('sake', 'great', 'positive'), ('SOHO location', 'killer', 'positive')]","[('sushi', 'expertly cut', 'positive'), ('sushi', 'great', 'positive'), ('', '', '')]"
170,"[('BLUE RIBBON SUSHI', 'best', 'positive')]","[('sushi', 'best', 'positive')]"
171,"[('tuna', 'best', 'positive')]","[('tuna', 'best', 'positive')]"
172,"[('Blue Ribbon', 'fantastic', 'positive')]","[('Blue Ribbon', 'lives up to', 'positive'), ('Blue Ribbon', 'fantastic', 'positive')]"
173,"[('sushi', 'Great value', 'positive'), ('sushi', 'high quality', 'positive'), ('sushi', 'nice setting', 'positive'), ('setting', 'nice', 'positive')]","[('sushi', 'Great value', 'positive'), ('setting', 'nice', 'positive')]"
174,"[('rolls', 'tasty', 'positive'), ('smoked yellowtail', 'incredible', 'positive')]","[('smoked yellowtail', 'Try', 'positive'), ('rolls', 'tasty', 'positive')]"
175,"[('customer service', 'Poor', 'negative'), ('pizza', 'Poor', 'negative')]","[('customer service', 'Poor', 'negative'), ('pizza', 'poor', 'negative')]"
176,"[('service', 'bad', 'negative'), ('food', 'overpriced', 'negative')]","[('service', 'bad', 'negative'), ('food', 'overpriced', 'negative')]"
177,"[('pizza', 'lacks quality and good taste', 'negative')]","[('pizza', 'favorite', 'positive'), ('pizza', 'good taste', 'negative')]"
178,"[('pizza', 'better', 'negative')]","[('frozen pizza', 'better', 'positive')]"
179,"[('location', 'nice', 'positive')]","[('location', 'nice', 'positive')]"
180,"[('place', 'fantastic', 'positive')]","[('place', 'fantastic', 'positive')]"
181,"[('food', 'fantastic', 'positive'), ('waiting staff', 'perfect', 'positive')]","[('food', 'fantastic', 'positive'), ('waiting staff', 'perfect', 'positive')]"
182,"[('Seabass on lobster risotto', 'best', 'positive')]","[('Seabass on lobster risotto', 'best', 'positive')]"
183,"[('Caesar salad', 'superb', 'positive')]","[('Caesar salad', 'superb', 'positive')]"
184,"[('bottle of wine', 'Great', 'positive')]","[('bottle of wine', 'Great', 'positive')]"
185,"[('food', 'ok', 'neutral'), ('service', 'poor', 'negative')]","[('food', 'ok', 'neutral'), ('service', 'poor', 'negative')]"
186,"[('PLACE', 'AVOID', 'negative')]","[('PLACE', 'AVOID', 'negative')]"
187,"[('atmosphere', 'cozy', 'positive'), ('service', 'horrible', 'negative')]","[('atmosphere', 'cozy', 'negative'), ('service', 'horrible', 'negative')]"
188,"[('service', 'without ever', 'negative')]","[('service', 'never getting', 'negative')]"
189,"[('Crab Cakes', 'Best', 'positive')]","[('Crab Cakes', 'Best', 'positive')]"
190,"[('seasonal fish', 'Great', 'positive'), ('seafood', 'Great', 'positive'), ('waterfront setting', 'classy', 'positive')]","[('seafood', 'Great', 'positive'), ('wide setting', 'classy', 'positive')]"
191,"[('Pizza', 'Great', 'positive'), ('Service', 'Poor', 'negative')]","[('Pizza', 'Great', 'positive'), ('Service', 'Poor', 'negative')]"
192,"[('pizza', 'Love', 'positive'), ('mushroom pizza', 'Love', 'positive')]","[('pizza', 'Love', 'positive'), ('mushroom pizza', 'Love', 'positive')]"
193,"[('caeser salad', 'love', 'positive')]","[('céser salad', 'love', 'positive')]"
194,"[('servers', ""don't like"", 'negative'), ('young woman', ""don't like"", 'negative')]","[('servers', 'like', 'negative')]"
195,"[('pizza', 'great', 'positive'), ('service', 'poor', 'negative')]","[('pizza', 'great', 'negative'), ('service', 'dissatisfied', 'negative')]"
196,"[('place', 'great little', 'positive')]","[('service', 'impersonal', 'negative'), ('service', 'corporate-like', 'positive')]"
197,"[('Breakfast', 'Great', 'positive')]","[('Breakfast', 'Great', 'positive')]"
198,"[('food', 'great', 'positive'), ('bloody mary', 'mean', 'positive')]","[('food', 'great', 'positive')]"
199,"[('breakfast', 'love', 'positive')]","[('breakfast', 'love', 'positive')]"
200,"[('crab eggs benedict', 'addicting', 'positive')]","[('crab eggs benedict', 'addicting', 'negative')]"
201,"[('menu items', 'hit', 'positive')]","[('menu items', 'hit', 'positive'), ('mimosas', 'hit', 'positive'), ('mimosas', 'served', 'positive')]"
202,"[('chinese food', 'best', 'positive')]","[('chinese food', 'best', 'positive')]"
203,"[('ambiance', 'nice', 'positive'), ('ambiance', 'good', 'positive')]","[('ambiance', 'nice', 'positive'), ('dinning', 'fine', 'positive')]"
204,"[('staff', 'nice', 'positive'), ('staff', 'courteous', 'positive'), ('staff', 'chinese', 'positive')]","[('staff', 'nice', 'positive'), ('staff', 'courteous', 'positive'), ('staff', 'chinese', 'positive')]"
205,"[('prawns', 'fresh', 'positive'), ('batter', 'crispiness', 'positive'), ('walnuts', 'crunchy', 'positive'), ('walnuts', 'tasty', 'positive')]","[('prawns', 'fresh', 'positive'), ('branch', 'tasty', 'positive')]"
206,"[('honey walnyt prawns', 'best', 'positive')]","[('honey walnyt prawns', 'best', 'positive')]"
207,"[('brocollis', 'fresh', 'positive'), ('brocollis', 'tasty', 'positive')]","[('brocollis', 'fresh', 'positive'), ('brocollis', 'tasty', 'positive')]"
208,"[('scallops', 'fresh', 'positive'), ('scallops', 'nicely cooked', 'positive'), ('prawns', 'fresh', 'positive'), ('prawns', 'nicely cooked', 'positive')]","[('scallops', 'fresh', 'positive'), ('prawns', 'nicely cooked', 'positive')]"
209,"[('portions', 'Chintzy', 'negative')]","[('Chintzy portions', 'chintzy', 'negative')]"
210,"[('sushi', 'good', 'negative'), ('restaurant', 'moderately priced', 'negative')]","[('sushi', 'good', 'positive'), ('sushi', 'moderately priced', 'positive')]"
211,"[('service', 'Terrible', 'negative'), ('food', 'ok', 'neutral')]","[('service', 'Terrible', 'negative'), ('food', 'ok', 'negative'), ('food', 'pricey', 'negative')]"
212,"[('Food', 'ok', 'neutral'), ('Food', 'pricey', 'neutral'), ('restaurant', ""isn't a fancy"", 'neutral')]","[('Food', 'ok', 'negative'), ('place', 'fancy', 'negative')]"
213,"[('feel', 'plus', 'positive'), ('feel', 'open', 'positive')]","[('restaurant', 'open', 'positive')]"
214,"[('Spanish Mackeral special appetizer', 'Amazing', 'positive'), ('box sushi', 'perfect', 'positive')]","[('Spanish Mackeral special appetizer', 'Amazing', 'positive'), ('box sushi', 'perfect', 'positive')]"
215,"[('omikase', ""didn't disappoint"", 'negative'), ('omikase', 'scored low on creativity and selection', 'negative')]","[('omikase', 'low', 'positive')]"
216,"[('specialty rolls', 'impressive', 'positive')]","[('selection rolls', 'impressive', 'positive')]"
217,"[('selection of sakes', 'Great', 'positive')]","[('sushi', 'Great', 'positive')]"
218,"[('sushi', ""isn't the cheapest"", 'positive'), ('sushi', 'worth', 'positive')]","[('', '', '')]"
219,"[('customer service', 'poor', 'negative')]","[('customer service', 'poor', 'negative')]"
220,"[('customer service', 'poor', 'negative')]","[('food', 'poor', 'negative')]"
221,"[('food', 'good', 'positive'), ('restaurant staff', 'indifferent', 'negative')]","[('food', 'good', 'negative'), ('restaurant staff', 'indifferent', 'negative')]"
222,"[('fish', 'fresh', 'negative'), ('fish', 'thin', 'negative')]","[('fish', 'fresh', 'positive')]"
223,"[('service', 'great', 'positive')]","[('service', 'great', 'positive')]"
224,"[('sake selection', 'good', 'positive')]","[('sake selection', 'good', 'positive')]"
225,"[('seafood dinners', 'high quality', 'positive')]","[('seafood dinners', 'high quality', 'positive')]"
226,"[('Dungeness crabs', 'love', 'positive')]","[('Dunkeness crabs', 'love', 'positive')]"
227,"[('black cod in sake kasu', 'enjoyed', 'positive')]","[('family platter', 'enjoyed', 'positive'), ('black cod', 'enjoyed', 'positive')]"
228,"[('dessert of a port and chocolate tasting', 'yummy', 'positive')]","[('sushi', 'yummy', 'positive'), ('port and chocolate tasting', 'unusual', 'positive')]"
229,"[('service', 'spendid', 'positive'), ('service', 'delight', 'positive')]","[('service', 'spendid', 'positive'), ('service', 'delight', 'positive')]"
230,"[('Breakfast', 'Great', 'positive')]","[('Breakfast', 'Great', 'positive')]"
231,"[('drinks', 'Great', 'positive'), ('corn beef hash', 'Great', 'positive'), ('coffee', 'Great', 'positive'), ('B Fast burritos', 'Great', 'positive'), ('menu', 'Great', 'positive')]","[('drinks', 'Great', 'positive'), ('corn beef hash', 'great', 'positive'), ('coffee', 'B Fast', 'positive'), ('menu', 'Gluten Free', 'positive')]"
232,"[('service', 'fantastic', 'positive'), ('place', 'fun', 'positive')]","[('service', 'fantastic', 'positive')]"
233,"[('Standby', 'Best', 'positive')]","[('Standby', 'Best', 'positive')]"
234,"[('spot', 'favorite', 'positive')]","[('Grammercy/Union Square/East Village', 'favorite', 'positive')]"
235,"[('music', 'great', 'positive'), ('bar tenders', 'generous', 'positive'), ('atmosphere', 'lighthearted', 'positive')]","[('music', 'great', 'positive'), ('pouring', 'generous', 'positive'), ('atmosphere', 'lighthearted', 'positive')]"
236,"[('cheese fries', 'awesome', 'positive')]","[('cheese fries', 'awesome', 'positive')]"
237,"[('Food', 'Good', 'positive'), ('Service', 'Great', 'positive')]","[('Food', 'Good', 'positive'), ('Service', 'Great', 'positive'), ('', '', '')]"
238,"[('wood decor', 'incredible', 'positive')]","[('wood decor', 'incredible', 'positive')]"
239,"[('subwoofer to the sound system', 'annoying', 'negative')]","[('music', 'hip', 'negative'), ('', '', '')]"
240,"[('shellfish and shrimp appetizer', 'alright', 'neutral')]","[('shellfish and shrimp appetizer', 'alright', 'positive')]"
241,"[('seafood', ""wasn't the freshest"", 'neutral'), ('seafood', 'OK', 'neutral')]","[('seafood', 'fresh', 'negative')]"
242,"[('asparagus', 'incredible', 'positive'), ('asparagus', 'perfectly prepared', 'positive')]","[('asparagus', 'incredible', 'positive'), ('asparagus', 'perfectly prepared', 'positive')]"
243,"[('steak', 'nice', 'positive'), ('steak', 'juicy', 'positive')]","[('steak', 'nice', 'positive'), ('steak', 'juicy', 'positive')]"
244,"[('peppercorn sauce', 'indistinguishable', 'neutral'), ('red wine reduction', 'indistinguishable', 'neutral')]","[('pork sauce', 'indistinguishable', 'positive'), ('red wine reduction', 'indistinguishable', 'positive')]"
245,"[('desert', 'perfect', 'positive'), ('dinner', 'perfect', 'positive')]","[('desert', 'perfect', 'positive')]"
246,"[('servers', 'attentive', 'positive'), ('servers', 'friendly', 'positive')]","[('servers', 'attentive', 'positive'), ('servers', 'friendly', 'positive')]"
247,"[('sake', 'good', 'positive'), ('food', 'good', 'positive')]","[('sushi', 'good', 'positive'), ('food', 'good', 'positive')]"
248,"[('sake', 'good', 'positive')]","[('Server', 'good', 'positive')]"
249,"[('lobster 3 ways', 'BEST', 'positive')]","[('lobster 3 ways', 'BEST', 'positive')]"
250,"[('waiter', 'unfriendly', 'negative'), ('feel', 'crowded', 'negative')]","[('waiter', 'unfriendly', 'negative')]"
251,"[('menu', 'creative', 'positive')]","[('food', 'excited', 'positive'), ('menu', 'creative', 'positive')]"
252,"[('food', 'good', 'negative'), ('food', 'overpriced', 'negative')]","[('food', 'good', 'negative'), ('food', 'overpriced', 'negative')]"
253,"[('pizza joint', 'favortie', 'positive')]","[('pizza joint', 'favortie', 'positive')]"
254,"[('pizza', 'delicious', 'positive'), ('salads', 'fantastic', 'positive')]","[('pizza', 'delicious', 'positive'), ('salads', 'fantastic', 'positive')]"
255,"[('cooks', 'friendly', 'positive')]","[('wait staff', 'found', 'positive'), ('cooks', 'friendly', 'positive')]"
256,"[('decor', 'enjoy', 'positive'), ('decor', 'simplicity', 'positive'), ('feeling', 'intimate', 'positive')]","[('decor', 'enjoy', 'positive'), ('restaurant', 'small', 'positive')]"
257,"[('Mioposto Café', 'love', 'positive')]","[('Mioposto Café', 'love', 'positive')]"
258,"[('menu', 'won ’ t be disappointed', 'positive')]","[('menu', 'disappointed', 'positive')]"
259,"[('menu', 'creative', 'positive')]","[('pizza ’ s', 'thin crust', 'positive'), ('menu', 'creative', 'positive'), ('toppings', 'creative', 'positive')]"
260,"[('Pizza Ensalata', 'Try', 'positive')]","[('Pizza Ensalata', 'Try', 'positive')]"
261,"[('crust', 'thin', 'neutral')]","[('pizza ’ s', 'not huge', 'negative'), ('crust', 'thin', 'positive')]"
262,"[('food', 'sinful', 'positive')]","[('food', 'sinful', 'negative')]"
263,"[('staff', 'friendly', 'positive')]","[('staff', 'friendly', 'positive')]"
264,"[('atmosphere', 'great', 'positive')]","[('atmosphere', 'great', 'positive')]"
265,"[('pancakes', 'decadent', 'positive')]","[('pastas', 'decadent', 'negative')]"
266,"[('menu', 'amazing', 'positive')]","[('menu', 'amazing', 'positive')]"
267,"[('eats', 'Good', 'positive')]","[('eats', 'Good', 'positive')]"
268,"[('place', 'BAD', 'negative')]","[('place', 'BAD', 'negative')]"
269,"[('fish', 'decent', 'negative')]","[('fish', 'decent', 'neutral')]"
270,"[('chef special dinner', 'dissappointment', 'negative')]","[('chef special dinner', 'dissappointment', 'negative')]"
271,"[('atmosphere', 'great', 'positive')]","[('atmosphere', 'great', 'positive')]"
272,"[('honwy walnut prawns', 'best', 'positive'), ('honwy walnut prawns', 'outstanding', 'positive')]","[('dish', 'best', 'positive')]"
273,"[('service', 'attentive', 'positive'), ('service', 'charming', 'positive')]","[('service', 'attentive', 'positive'), ('service', 'charming', 'positive')]"
274,"[('service', 'excellent', 'positive'), ('coffee', 'good', 'positive'), ('food', 'outstanding', 'positive')]","[('service', 'excellent', 'positive'), ('coffee', 'good', 'positive'), ('food', 'outstanding', 'positive')]"
275,"[('restaurant', 'delightful', 'positive')]","[('restaurant', 'delightful', 'positive')]"
276,"[('food', 'fantastic', 'positive'), ('food', 'authentic', 'positive'), ('food', 'delicious', 'positive'), ('food', 'affordable', 'positive')]","[('food', 'fantastic', 'positive'), ('food', 'authentic', 'positive'), ('food', 'affordable', 'positive')]"
277,"[('decor', 'beautiful', 'positive'), ('decor', 'unique', 'positive')]","[('decor', 'beautiful', 'positive'), ('decor', 'unique', 'positive')]"
278,"[('music', 'good', 'positive'), ('atmosphere', 'good', 'positive'), ('vibe', 'nice', 'positive'), ('people', 'happy', 'positive')]","[('vibe', 'nice', 'positive'), ('atmosphere', 'good looking people', 'positive')]"
279,"[('server', 'professional', 'positive'), ('server', 'friendly', 'positive')]","[('server', 'professional', 'positive'), ('server', 'friendly', 'positive')]"
280,"[('place', 'tiny', 'neutral')]","[('sushi bar', 'tiny', 'positive')]"
281,"[('menu', 'delectable', 'positive')]","[('menu', 'delectable', 'positive')]"
282,"[('waiters', 'experienced', 'positive'), ('waiters', 'helpful', 'positive')]","[('waiters', 'experienced', 'positive'), ('food tastes', 'helpful', 'positive')]"
283,"[('sushi', 'fresh', 'positive')]","[('sushi', 'fresh', 'positive')]"
284,"[('portions', 'large', 'positive'), ('sushi dishes', 'creative', 'positive')]","[('sushi', 'good tasting', 'positive'), ('portions', 'large', 'positive'), ('sushi', 'creative', 'positive')]"
285,"[('pepperoni', 'big thick', 'positive')]","[('porkoni', 'big thick', 'positive')]"
286,"[(""pepperoni's"", 'thick', 'positive'), (""pepperoni's"", 'Yum', 'positive')]","[(""pizzaoni's cut real thick"", 'Yum', 'positive')]"
287,"[('pizza', 'not exactly the best', 'positive'), ('pizza', 'good', 'positive')]","[('pizza', 'not exactly the best', 'negative')]"
288,"[('Food', 'good', 'positive'), ('Food', 'appetizing', 'positive')]","[('Food', 'good', 'positive'), ('Food', 'appetizing', 'positive')]"
289,"[('Portions', 'enough', 'neutral')]","[('Portions', 'enough', 'positive')]"
290,"[('menu selection', 'Fair', 'neutral')]","[('menu selection', 'Fair', 'positive')]"
291,"[('appetizer', 'interesting', 'positive'), ('Creme Brulee', 'savory', 'positive'), ('Creme Brulee', 'delicious', 'positive')]","[('appetizer', 'interesting', 'positive'), ('Creme Brulee', 'savory', 'positive'), ('Creme Brulee', 'delicious', 'positive')]"
292,"[('Indoor ambience', 'modern', 'positive')]","[('Indoor ambience', 'modern', 'positive')]"
293,"[('place', 'great', 'positive')]","[('place', 'great', 'positive')]"
294,"[('food', 'exeptional', 'positive')]","[('dinning', 'late', 'positive'), ('food', 'exeptional', 'positive')]"
295,"[('table', 'private', 'positive'), ('table', 'nice', 'positive')]","[('table', 'private', 'positive'), ('table', 'nice', 'positive')]"
296,"[('service', 'exceptional', 'positive'), ('waiters', 'friendly', 'positive')]","[('service', 'exceptional', 'positive')]"
297,"[('food', 'good', 'positive'), ('filet mignon', 'best', 'positive')]","[('food', 'good', 'positive'), ('filet mignon', 'best', 'positive')]"
298,"[('portions', 'big', 'neutral')]","[('portions', 'big', 'positive')]"
299,"[('music', 'casual', 'positive')]","[('music', 'made the dinner casual', 'positive')]"
300,"[('restroom', 'odd', 'negative')]","[('bath attendant', 'odd', 'negative')]"
301,"[('bathroom', 'small', 'negative')]","[('bathroom', 'small', 'negative'), ('toilets', 'two', 'negative'), ('sink', 'small', 'negative')]"
302,"[('service', 'awesome', 'positive')]","[('Mercedes restaurant', 'tasty', 'positive'), ('service', 'awesome', 'positive')]"
303,"[('atmosphere', 'aspiring', 'positive'), ('decor', 'festive', 'positive'), ('decor', 'amazing', 'positive')]","[('atmosphere', 'aspiring', 'positive'), ('decor', 'festive', 'positive'), ('decor', 'amazing', 'positive')]"
304,"[('Raouls chicken vegetable soup', 'rocks my world', 'positive'), ('catering', 'out of this world', 'positive')]","[('catedral', 'out of this world', 'positive'), ('Raouls chicken vegetable soup', 'rocks', 'positive')]"
305,"[('Drinks', 'suberb', 'positive')]","[('Drinks', 'suberb', 'positive')]"
306,"[('Service', 'Mediocre', 'neutral')]","[('Service', 'Mediocre', 'positive'), ('', '', '')]"
307,"[('Snooze', 'excellent', 'negative'), ('menu', 'high brow', 'negative')]","[('snooze', 'excellent', 'positive')]"
308,"[('juice', 'small', 'negative')]","[('juice', 'small', 'negative')]"
309,"[('menu', 'unique', 'positive')]","[('menu', 'unique', 'positive')]"
310,"[('pancakes', 'inventive', 'negative'), ('pancakes', 'over-priced', 'negative')]","[('pasta flight', 'inventive', 'negative'), ('pasta flight', 'over-priced', 'negative')]"
311,"[('pancakes', 'should be larger', 'negative')]","[('pastas', 'larger', 'positive'), ('pastas', 'unique', 'negative')]"
312,"[('pancakes', 'small', 'negative')]","[('pastas', '4 small', 'positive'), ('', '', ''), ('iced tea', 'water', 'positive')]"
313,"[('view', 'great', 'positive')]","[('view', 'great', 'positive')]"
314,"[(""Ray's Boathouse"", 'exceeded my expectations', 'positive')]","[('dinner', 'exceeded', 'positive')]"
315,"[('Sound views', 'gorgeous', 'positive')]","[('food', 'gorgeous', 'positive'), ('service', 'gorgeous', 'positive'), (""Ray's"", 'Seattle institution', 'positive')]"
316,"[(""Ray's"", 'happy surprise', 'positive')]","[('views', 'best', 'positive')]"
317,"[('Brooke', 'lovely', 'positive'), ('Brooke', 'quickly', 'positive')]","[('server', 'lovely', 'positive')]"
318,"[('white gulf prawns', 'enormous', 'positive'), ('manila clams', 'fantastic', 'positive'), ('soy dressing', 'tasty', 'positive'), ('butter sauce', 'sublime', 'positive')]","[('sushi', 'ambitious', 'positive'), ('smoked albacore tuna', 'beautiful', 'positive'), ('manila clams seasoned with dill', 'tasty', 'positive'), ('scallops', 'sublime', 'positive')]"
319,"[('seared Alaskan sea scallops', 'enjoyed', 'positive')]","[('ask', 'enjoyed', 'positive'), ('', '', ''), ('chard', 'enjoyed', 'positive'), ('fennel', 'enjoyed', 'positive')]"
320,"[('scallops', 'unique', 'positive'), ('scallops', 'tasty', 'positive')]","[('scallops', 'unique', 'positive'), ('black olive butter', 'tasty', 'positive')]"
321,"[('grilled Alaskan King Salmon', 'enjoyed', 'positive'), ('creamed Washington russet potatoes', 'delectable', 'positive'), ('green beans', 'crisp', 'positive')]","[('grilled Alaskan King Salmon', 'enjoyed', 'positive'), ('creamed Washington russet potatoes', 'delectable', 'positive'), ('green beans', 'crisp', 'positive')]"
322,"[('plate', 'superb', 'positive')]","[('all three items', 'superb', 'positive')]"
323,"[('server', 'attentive', 'positive'), (""Ray's"", 'appropriate', 'neutral')]","[('server', 'attentive', 'positive')]"
324,"[('server', 'wonderful', 'positive'), ('food', 'wonderful', 'positive')]","[('server', 'wonderful', 'positive'), ('', '', '')]"
325,"[('view', 'good', 'positive')]","[('view', 'good', 'positive')]"
