,labels,predictions
0,"[('Al Di La', 'Love', 'positive')]","[('Al Di La La', 'Love', 'positive')]"
1,"[('place', 'recommend', 'positive')]","[('place', 'recommend', 'positive')]"
2,"[('food', 'Great', 'positive')]","[('food', 'Great', 'positive')]"
3,"[('pastas', 'incredible', 'positive'), ('risottos', 'fantastic', 'positive'), ('sepia', 'fantastic', 'positive'), ('braised rabbit', 'amazing', 'positive')]","[('pastas', 'incredible', 'positive'), ('risottos', 'fantastic', 'positive'), ('braised rabbit', 'amazing', 'positive')]"
4,"[('food', 'mediocre', 'negative')]","[('food', 'mediocre', 'negative')]"
5,"[('fish and chips', 'overpriced', 'negative')]","[('', '', '')]"
6,"[('Dog', 'Tasty', 'positive')]","[('Dog', 'Tasty', 'positive')]"
7,"[('dog', 'organic', 'positive'), ('establishment', 'eco friendly', 'positive')]","[('organic dog', 'awesome', 'positive'), ('organic establishment', 'conscious', 'positive')]"
8,"[('pork souvlaki', 'best', 'positive')]","[('pork souvlaki', 'best', 'positive')]"
9,"[('Pizza', 'YUMMY', 'positive')]","[('Pizza', 'Super YUMMY', 'positive')]"
10,"[('restaurant', 'inviting', 'positive')]","[('restaurant', 'warm', 'positive'), ('restaurant', 'inviting', 'positive')]"
11,"[('eggplant pizza', 'LOOOVE', 'positive'), ('pastas', 'LOOOVE', 'positive')]","[('eggplant pizza', 'LOOOVE', 'positive'), ('pastas', 'LOVE', 'positive')]"
12,"[('half/half pizza', 'huge', 'positive')]","[('pizza', 'half/half', 'neutral')]"
13,"[('food', 'Excellent', 'positive'), ('interior', 'help', 'negative')]","[('food', 'Excellent', 'positive'), ('interior', 'could use some help', 'negative')]"
14,"[('meal', 'good', 'positive')]","[('meal', 'good', 'positive')]"
15,"[('sake', 'Great', 'positive')]","[('sake', 'Great', 'positive')]"
16,"[('Sushi', 'Reliable', 'positive'), ('Sushi', 'Fresh', 'positive')]","[('Sushi', 'Reliable', 'positive'), ('Sushi', 'Fresh', 'positive')]"
17,"[('sashimi', 'fresh', 'positive'), ('rolls', 'innovative', 'positive'), ('rolls', 'delicious', 'positive')]","[('sashimi', 'fresh', 'positive'), ('rolls', 'innovative', 'positive'), ('rolls', 'delicious', 'positive')]"
18,"[('service', 'problem', 'positive')]","[('service', 'never had a problem', 'positive')]"
19,"[('Delivery', 'lacking', 'negative')]","[('Delivery', 'spot on', 'negative'), ('Delivery', 'lacking', 'negative')]"
20,"[('Delivery guy', 'upset', 'negative')]","[('Delivery guy', 'upset', 'negative')]"
21,"[('Sushi', 'Best', 'positive')]","[('Sushi', 'Best', 'positive')]"
22,"[('sushi', 'ruined', 'positive')]","[('sushi', 'ruined', 'negative')]"
23,"[('sashimi', 'Excellent', 'positive'), ('millennium roll', 'delicious', 'positive')]","[('sashimi', 'Excellent', 'positive'), ('millennium roll', 'delicious', 'positive')]"
24,"[('place', 'hidden away', 'positive'), ('place', 'worth', 'positive')]","[('place', 'hidden', 'negative'), ('place', 'worth', 'positive')]"
25,"[('waiter', 'attentive', 'positive'), ('food', 'delicious', 'positive'), ('views of the city', 'great', 'positive')]","[('waiter', 'attentive', 'positive'), ('food', 'delicious', 'positive'), ('views of the city', 'great', 'positive')]"
26,"[('place', 'Great', 'positive')]","[('place', 'Great', 'positive')]"
27,"[('food', 'Good', 'positive'), ('seafood spaghetti', 'favorite', 'positive')]","[('food', 'Good', 'positive'), ('seafood', 'favorite', 'positive')]"
28,"[('food', 'Excellent', 'positive')]","[('food', 'Excellent', 'positive')]"
29,"[('wait staff', 'courteous', 'positive'), ('wait staff', 'accomodating', 'positive')]","[('wait staff', 'courteous', 'positive'), ('wait staff', 'accomodating', 'positive')]"
30,"[('space', 'limited', 'negative'), ('indo-chinese food', 'delicious', 'positive')]","[('indo-chinese food', 'delicious', 'positive')]"
31,"[('place', 'favorite', 'positive')]","[('place', 'favorite', 'positive')]"
32,"[('chicken pasta', 'love', 'positive')]","[('chicken pasta', 'love', 'positive')]"
33,"[('place', 'fanatical', 'positive')]","[('place', 'fun', 'positive')]"
34,"[('lobster', 'good', 'neutral'), ('lobster', 'nothing spectacular', 'neutral')]","[('lobster', 'good', 'neutral'), ('lobster', 'nothing spectacular', 'neutral')]"
35,"[('restaraunt', 'five star', 'neutral')]","[('place', 'fun', 'positive')]"
36,"[('pizza', 'overrated', 'negative'), ('pizza', 'under cooked', 'negative')]","[('pizza', 'overrated', 'negative'), ('pizza', 'undercooked', 'negative')]"
37,"[('staff', 'rude', 'negative'), ('staff', 'not attentive', 'negative')]","[('staff', 'rude', 'negative'), ('staff', 'not attentive', 'negative')]"
38,"[('place', 'love', 'positive')]","[('place', 'love', 'positive')]"
39,"[('service', 'quick', 'positive'), ('service', 'friendly', 'positive')]","[('service', 'quick', 'positive'), ('service', 'friendly', 'positive')]"
40,"[('restaurant', 'nice', 'positive'), ('restaurant', 'clean', 'positive')]","[('restaurant', 'nice', 'positive'), ('restaurant', 'clean', 'positive')]"
41,"[('vitello alla marsala', 'impressed', 'positive')]","[('vitello alla marsala', 'impressed', 'positive')]"
42,"[('veal', 'perfectly', 'positive'), ('mushrooms', 'perfectly', 'positive')]","[('veal', 'cooked perfectly', 'positive'), ('mussels', 'cooked perfectly', 'positive')]"
43,"[('potato balls', 'not dry', 'positive'), ('potato balls', 'buttery', 'positive')]","[('potaballs', 'not dry', 'negative'), ('potaballs', 'buttery', 'positive')]"
44,"[('PLACE', 'WORST', 'negative')]","[('SMITH STREET', 'WORST', 'negative')]"
45,"[('bartender', 'immature', 'negative'), ('service', 'slowwwww', 'negative'), ('food', 'not fresh or warm', 'negative'), ('waitresses', 'werent very attentive', 'negative')]","[('bartender', 'immature', 'negative'), ('service', 'slow', 'negative'), ('food', 'not fresh', 'positive'), ('food', 'not warm', 'negative')]"
46,"[('place', 'never recommend', 'negative')]","[('place', 'never recommend', 'negative')]"
47,"[('food', 'fresh', 'positive')]","[('food', 'fresh', 'positive')]"
48,"[('japanese food', 'overpriced', 'negative'), ('service', 'mediocre', 'neutral')]","[('food', 'overpriced', 'negative'), ('service', 'mediocre', 'negative')]"
49,"[('food', 'luke warm', 'negative')]","[('food', 'luke warm', 'negative')]"
50,"[('waitress', 'not attentive', 'negative')]","[('waitress', 'attentive', 'negative')]"
51,"[('food', 'excellent', 'positive'), ('service', 'excellent', 'positive'), ('The Four Seasons', 'dissappointed', 'negative')]","[('food', 'excellent', 'positive'), ('service', 'dissappointed', 'negative')]"
52,"[('Red Dragon Roll', 'favorite', 'positive')]","[('Red Dragon Roll', 'favorite', 'positive')]"
53,"[('Seafood Dynamite', 'otherworldly', 'positive')]","[('Seafood Dynamite', 'otherworldly', 'positive')]"
54,"[('Sushi', 'Favorite', 'positive')]","[('Sushi', 'Favorite', 'positive')]"
55,"[('spot', 'unpretentious', 'positive'), ('sushi', 'good', 'positive'), ('service', 'pleasant', 'positive'), ('service', 'effective', 'positive'), ('service', 'unassuming', 'positive')]","[('sushi', 'good', 'positive'), ('service', 'pleasant', 'positive'), ('sushi', 'effective', 'positive'), ('sushi', 'unpretentious', 'positive')]"
56,"[('back garden area', 'nice', 'positive')]","[('back garden area', 'nice', 'positive')]"
57,"[('rolls', 'creative', 'positive'), ('japanese food', 'inventive', 'positive'), ('japanese food', 'delicious', 'positive')]","[('rolls', 'creative', 'positive'), ('rolls', 'delicious', 'positive')]"
58,"[('', '', '')]","[('Dancing', 'must', 'positive'), ('White River', 'must', 'positive'), ('Millenium rolls', 'must', 'positive')]"
59,"[('PLACE', 'LOVE', 'positive')]","[('PLACE', 'LOVE', 'positive')]"
60,"[('food', 'Gross', 'negative')]","[('food', 'Gross', 'positive'), ('food', 'Wow', 'positive')]"
61,"[('guacamole', 'bland', 'negative')]","[('guacamole', 'bland', 'negative')]"
62,"[('place', 'bad', 'negative')]","[('place', 'bad', 'negative')]"
63,"[('Indian Food', 'Great', 'positive')]","[('Indian Food', 'Great', 'positive')]"
64,"[('food', 'good', 'positive'), ('place', 'clean', 'positive'), ('place', 'affordable', 'positive')]","[('food', 'good', 'positive'), ('place', 'clean', 'positive'), ('food', 'affordable', 'positive')]"
65,"[('indian place', 'great', 'positive')]","[('indian people eatting', 'great', 'positive')]"
66,"[('food', 'great', 'positive')]","[('food', 'great', 'positive'), ('spot', 'favorite', 'positive')]"
67,"[('staff', 'good', 'positive')]","[('staff', 'good', 'positive')]"
68,"[('drink menu', 'Love', 'positive')]","[('drink menu', 'Love', 'positive')]"
69,"[('place', 'recommend', 'positive'), ('place', 'beautiful', 'positive')]","[('place', 'recommend', 'positive')]"
70,"[('view of river and NYC', 'Nice', 'positive')]","[('view of river and NYC', 'Nice', 'positive')]"
71,"[('survice', 'Great', 'positive')]","[('sevice', 'Great', 'positive')]"
72,"[('Egyptian restaurant', 'dreamy', 'positive')]","[('Egyptian restaurant', 'dreamy', 'positive')]"
73,"[('baba ganoush', 'enjoy delicious', 'positive'), ('belly dancers', 'talented', 'positive')]","[('baba ganoush', 'delicious', 'positive')]"
74,"[('Raymond', 'rocks', 'positive')]","[('bartender', 'rocks', 'positive')]"
75,"[('Pacifico', 'great', 'positive')]","[('Pacifico', 'great', 'positive')]"
76,"[('drinks', 'great', 'positive'), ('Raymond', 'great', 'positive')]","[('drinks', 'great', 'positive')]"
77,"[('omlette for brunch', 'great', 'positive')]","[('omlette for brunch', 'great', 'positive')]"
78,"[('spinach', 'fresh', 'positive')]","[('spinach', 'fresh', 'positive'), ('spinach', 'not frozen', 'positive')]"
79,"[('quacamole', 'yummy', 'positive'), ('wings with chimmichuri', 'yummy', 'positive')]","[('quacamole', 'yummy', 'positive'), ('wings with chimmichuri', 'yummy', 'positive')]"
80,"[('chicken in the salads', 'weakness', 'negative')]","[('chicken in the salads', 'weakness', 'negative')]"
81,"[('portobello and asparagus mole', 'fan', 'negative')]","[('', '', '')]"
82,"[('food', 'decent', 'positive'), ('people', 'friendly', 'positive')]","[('food', 'decent', 'positive'), ('people', 'friendly', 'positive')]"
83,"[('Indian Restaurant', 'Best', 'positive')]","[('Indian Restaurant', 'Best', 'positive')]"
84,"[('Decor', 'upgraded', 'negative'), ('food', 'amazing', 'positive')]","[('Decor', 'upgrade', 'negative'), ('food', 'amazing', 'positive')]"
85,"[('gyros', 'best', 'positive')]","[('sovlaki spot', 'best', 'positive')]"
86,"[('food', 'shine', 'positive'), ('gyro meat', 'in-house', 'positive'), ('sausages', 'in-house', 'positive'), ('ingredients', 'higher quality', 'positive')]","[('food', 'aggressively seasoned', 'positive'), ('', '', ''), ('', '', '')]"
87,"[('Greek and Cypriot dishes', 'excellent', 'positive')]","[('Greek and Cypriot dishes', 'excellent', 'positive'), ('gyro', 'reason to come', 'positive')]"
88,"[('restaurant', 'Best', 'positive')]","[('restaurant', 'Best', 'positive')]"
89,"[('food', 'Great', 'positive'), ('service', 'amazing', 'positive'), ('place', 'class act', 'positive')]","[('food', 'Great', 'positive'), ('service', 'amazing', 'positive'), ('place', 'class act', 'positive')]"
90,"[('veal', 'incredible', 'positive')]","[('veal', 'incredible', 'positive')]"
91,"[('place', 'must visit', 'positive')]","[('place', 'must', 'positive')]"
92,"[('food', 'shared', 'positive')]","[('food', 'shared', 'positive')]"
93,"[('dishes', 'enjoyed', 'positive'), ('dish', 'too-authentic-for-me', 'negative')]","[('dishes', 'enjoyed', 'positive')]"
94,"[(""Water's Edge"", 'highest compliments', 'positive')]","[('compliments', 'highest', 'positive'), (""Water's Edge"", 'highest', 'positive')]"
95,"[('atmosphere', 'raved', 'positive'), ('rooms', 'elegant', 'positive'), ('views', 'incomparable', 'positive'), ('food', 'fabulous', 'positive')]","[('atmosphere', 'elegant', 'positive'), ('views', 'incomparable', 'positive'), ('food', 'fabulous', 'positive')]"
96,"[('Service', 'wonderful', 'positive')]","[('Service', 'wonderful', 'positive')]"
97,"[('Paul', 'professional', 'positive')]","[(""maitre d '"", 'professional', 'positive'), ('Paul', 'on top', 'positive')]"
98,"[('Service', 'ok', 'negative'), ('Service', 'unfriendly', 'negative'), ('bathroom', 'filthy', 'negative')]","[('Service', 'ok', 'neutral'), ('Service', 'unfriendly', 'negative'), ('bath', 'filthy', 'negative')]"
99,"[('bar drinks', 'ok', 'negative')]","[('bar drinks', 'ok', 'neutral')]"
100,"[('stuff tilapia', 'horrid', 'negative')]","[('tilapia', 'horrid', 'negative'), ('tilapia', 'cardboard', 'negative')]"
101,"[('mens bathroom', 'disgusting', 'negative')]","[('mens bathroom', 'disgusting', 'negative')]"
102,"[('wine list', 'extensive', 'positive'), ('staff', 'not seem knowledgeable', 'negative')]","[('wine list', 'extensive', 'negative'), ('staff', 'knowledgeable', 'negative')]"
103,"[('bread', 'horrible', 'negative'), ('bread', 'rock hard', 'negative'), ('bread', 'cold', 'negative'), ('appetizer of olives', 'disappointing', 'neutral')]","[('bread', 'horrible', 'negative'), ('bread', 'rock hard', 'negative'), ('bread', 'cold', 'negative'), ('eggs', 'disappointing', 'negative')]"
104,"[('main course', 'wonderful', 'positive')]","[('main course', 'wonderful', 'positive')]"
105,"[('fish', 'exceeded our expectations', 'positive'), ('filet', 'exceeded our expectations', 'positive')]","[('fish', 'exceeded', 'positive'), ('filet', 'exceeded our expectations', 'positive')]"
106,"[('pear torte', 'good', 'positive'), ('staff', 'unable to provide', 'negative')]","[('dessert', 'good', 'positive'), ('staff', 'unable to provide appropriate drink suggestions', 'negative')]"
107,"[('location', 'expect', 'neutral')]","[('location', 'Not what I would expect', 'negative')]"
108,"[('restaurant', 'beautiful', 'positive')]","[('staff', 'more attention', 'negative'), ('restaurant', 'beautiful', 'positive')]"
109,"[('seating', 'great', 'positive')]","[('seating', 'great', 'positive'), ('seating', 'short', 'positive'), ('seating', 'cozy', 'positive'), ('seating', 'private', 'positive')]"
110,"[('boths', 'not as small', 'positive'), ('boths', 'perfect', 'positive')]","[('selbs', 'not as small', 'positive')]"
111,"[('service', 'fast', 'positive'), ('service', 'attentive', 'positive'), ('service button', 'thanks to', 'positive'), ('waiter', 'barely understood', 'negative')]","[('service', 'fast', 'positive'), ('service', 'attentive', 'positive')]"
112,"[('food', 'ok', 'neutral'), ('food', 'fair', 'neutral')]","[('food', 'ok', 'neutral')]"
113,"[('looks', 'exceeds', 'positive')]","[('looks', 'exceeds', 'positive')]"
114,"[('food', 'Subtle', 'positive'), ('service', 'Subtle', 'positive')]","[('food', 'Subtle', 'positive'), ('service', 'Subtle', 'positive')]"
115,"[('service', 'enjoy', 'positive'), ('food', 'enjoy', 'positive')]","[('service', 'enjoy', 'positive'), ('food', 'enjoy', 'positive')]"
116,"[('Greg', 'favorite', 'positive')]","[('Server', 'different', 'positive'), ('Server', 'favorite', 'positive')]"
117,"[('servers', 'patient', 'positive')]","[('servers', 'patient', 'positive')]"
118,"[('dogs', 'amazing fresh', 'positive'), ('toppings', 'best', 'positive'), ('toppings', 'endless', 'positive')]","[('fresh dogs', 'amazing', 'positive'), ('toppings', 'endless', 'positive')]"
119,"[('hot dog', 'amazing fun', 'positive')]","[('hot dog', 'amazing fun', 'positive')]"
120,"[('Casa La Femme', 'true', 'positive')]","[('Casa La Femme', 'unique', 'positive')]"
121,"[('decor', 'impressed', 'positive'), ('food', 'impressed', 'positive')]","[('decor', 'impressed', 'positive'), ('food', 'impressed', 'positive'), ('hospitality', 'great', 'positive')]"
122,"[('cocktail with Citrus Vodka and lemon and lime juice and mint leaves', 'great', 'positive')]","[('Cirrus Vodka', 'great', 'positive'), ('', '', ''), ('mint leaves', 'die for', 'positive')]"
123,"[('Food', 'worth', 'positive')]","[('Food', 'took some time', 'positive'), ('Food', 'worth', 'positive')]"
124,"[('belly dancing show', 'captivated', 'positive')]","[('belly dancing show', 'captivated', 'positive')]"
125,"[('restaurant', 'worth', 'positive')]","[('restaurant', 'commend', 'positive')]"
126,"[('waiter', 'nice', 'positive'), ('food', 'average', 'neutral')]","[('menu', 'great', 'positive'), ('waiter', 'nice', 'positive'), ('food', 'average', 'negative')]"
127,"[('food', 'well prepared', 'negative')]","[('maggots', 'not able to get into well prepared food', 'negative')]"
128,"[('restaurant', 'good reputation', 'positive'), ('customer service', 'intelligent', 'negative')]","[('customer service', 'intelligent', 'positive'), ('restaurant', 'good reputation', 'positive'), ('restaurant', 'packed', 'positive')]"
129,"[('place', 'Great', 'positive')]","[('place', 'Great', 'positive'), ('value', 'great', 'positive')]"
130,"[('food', 'flavorful', 'positive'), ('food', 'plentiful', 'positive'), ('food', 'reasonably priced', 'positive')]","[('food', 'flavorful', 'positive'), ('food', 'plentiful', 'positive'), ('food', 'reasonably priced', 'positive')]"
131,"[('atmosphere', 'relaxed', 'positive'), ('atmosphere', 'casual', 'positive')]","[('atmosphere', 'relaxed', 'positive'), ('atmosphere', 'casual', 'neutral')]"
132,"[('place', 'great', 'positive')]","[('place', 'great', 'positive')]"
133,"[('Sushi', 'unbelievable', 'positive')]","[('Sushi experience', 'unbelievable', 'positive')]"
134,"[('rolls', 'Good creative', 'positive')]","[('creative rolls', 'Good', 'positive')]"
135,"[('Yamato', 'excellent', 'positive')]","[('Yamto', 'excellent', 'positive')]"
136,"[('rolls', 'great', 'positive'), ('triple color and norwegetan rolls', 'awesome', 'positive'), ('triple color and norwegetan rolls', 'filling', 'positive')]","[('rolls', 'great', 'positive'), ('rolls', 'awesome', 'positive'), ('', '', '')]"
137,"[('dessert', 'save room', 'positive'), ('special roll', 'enough', 'positive'), ('regular roll', 'enough', 'positive')]","[('roll', 'fill', 'positive'), ('roll', 'regular', 'positive')]"
138,"[('banana chocolate dessert', 'delicious', 'positive'), ('green tea tempura', 'great', 'positive')]","[('banana chocolate dessert', 'delicious', 'positive'), ('green tea tempura', 'great', 'positive')]"
139,"[('appetizers', 'delicious', 'positive')]","[('appetizers', 'delicious', 'positive')]"
140,"[('food', 'Amazing', 'positive')]","[('food', 'Amazing', 'positive')]"
141,"[('interior', 'Mazing', 'negative')]","[('interior', 'Mazing', 'negative')]"
142,"[('food', 'Great', 'positive')]","[('food', 'Great', 'positive')]"
143,"[('modern Japanese', 'delivers', 'positive')]","[('spot', 'modern Japanese', 'positive')]"
144,"[('atmosphere', 'nice', 'negative'), ('scheme of mirrors', 'crazy', 'negative')]","[('atmosphere', 'nice', 'positive'), ('atmosphere', 'lacking', 'positive')]"
145,"[('modern Japanese food', 'go-to for', 'positive'), ('mirrors', 'confusing', 'negative')]","[('mirroreds', 'confusing', 'negative')]"
146,"[('Indo Chinese food', 'good', 'positive')]","[('Indo Chinese food', 'good', 'positive')]"
147,"[('place', 'fancy', 'neutral'), ('Chinese style Indian food', 'good', 'positive')]","[('Chinese style Indian food', 'good', 'positive')]"
148,"[('chicken lollipop', 'favorite', 'positive'), ('dishes', 'oily', 'negative'), ('dishes', 'spicy', 'negative'), ('Chilli Chicken', 'oily', 'negative'), ('Chilli Chicken', 'spicy', 'negative')]","[('chicken lollipop', 'favorite', 'positive'), ('dishes', 'oily', 'positive'), ('dishes', 'spicy', 'positive')]"
149,"[('food', 'spicy', 'negative'), ('food', 'oily', 'negative')]","[('', '', ''), ('food', 'oily', 'negative')]"
150,"[('food', 'speechless', 'negative'), ('food', 'horrible', 'negative')]","[('food', 'horrible', 'negative')]"
151,"[('food', 'disappointing', 'negative')]","[('food', 'disappointing', 'negative')]"
152,"[('restaurant', 'wonderful', 'positive')]","[('restaurant', 'wonderful', 'positive')]"
153,"[('food', 'tasty', 'positive'), ('food', 'delicious', 'positive')]","[('food', 'tasty', 'positive'), ('food', 'delicious', 'positive'), ('food', 'kept', 'positive')]"
154,"[('meal', 'never a bad', 'positive'), ('service', 'never bad', 'positive')]","[('meal', 'never swaying', 'positive'), ('meal', 'never bad', 'positive'), ('service', 'never bad', 'positive')]"
155,"[('food', 'great', 'positive'), ('wine list', 'great', 'positive'), ('service', 'great', 'positive'), ('neighborhood', 'great', 'positive')]","[('food', 'great', 'positive'), ('wine list', 'great', 'positive'), ('service', 'great', 'positive')]"
156,"[(""Patsy's Pizza"", 'true love', 'positive')]","[(""Patsy's Pizza"", 'true love', 'positive')]"
157,"[('pizza', 'best', 'positive')]","[('pizza', 'best', 'positive')]"
158,"[('hot dogs', 'great', 'positive')]","[('hot dogs', 'great', 'positive')]"
159,"[('hot dogs', 'juicy', 'positive')]","[('hot dogs', 'juicy', 'positive'), ('hot dogs', 'tender', 'positive'), ('', '', ''), ('hot dogs', 'snap', 'positive')]"
160,"[('toppings', 'great', 'positive')]","[('toppings', 'great', 'positive')]"
161,"[('dishes', 'oily', 'negative')]","[('dining experience', 'good', 'positive'), ('dishes', 'oily', 'positive')]"
162,"[('service', 'Helpful', 'positive')]","[('service', 'Helpful', 'positive')]"
163,"[('decor', 'not very pleasant', 'negative')]","[('decor', 'not very pleasant', 'negative')]"
164,"[('food', 'great', 'positive')]","[('food', 'great', 'positive')]"
165,"[('indian chinese food', 'great', 'positive')]","[('indian chinese food', 'great', 'positive')]"
166,"[('place', 'tiny', 'negative')]","[('place', 'tiny', 'negative')]"
167,"[('place', 'not beautiful', 'negative'), ('food', 'speaks for itself', 'positive')]","[('place', 'not beautiful', 'negative'), ('food', 'speaks for itself', 'positive')]"
168,"[('Indian Chinese', 'Best', 'positive')]","[('Indian Chinese', 'Best', 'positive')]"
169,"[('martinis', 'amazing', 'positive'), ('martinis', 'fairly priced', 'positive')]","[('martinis', 'amazing', 'positive'), ('martinis', 'fairly priced', 'positive')]"
170,"[('SERVICE', 'AMAZING', 'positive'), ('waiters', 'nice', 'positive')]","[('Service', 'AMAZING', 'positive'), ('waiters', 'nice', 'positive')]"
171,"[('DJ', 'awesome', 'positive')]","[('DJ', 'awesome', 'positive')]"
172,"[('menu', 'great', 'positive')]","[('menu', 'great', 'positive')]"
173,"[('establishment', 'real deal', 'positive')]","[('établissement', 'real deal', 'positive')]"
174,"[('food', 'superb', 'positive')]","[('places', 'intimate', 'positive'), ('food', 'superb', 'positive'), ('', '', ''), ('', '', '')]"
175,"[('appetizers', 'good', 'positive')]","[('appetizers', 'good', 'positive')]"
176,"[('entree', 'good', 'positive')]","[('entree', 'good', 'positive')]"
177,"[('place', 'classy', 'negative'), ('place', 'beautiful', 'negative')]","[('place', 'classy', 'positive'), ('place', 'beautiful', 'positive')]"
178,"[('Vanison', 'good', 'neutral'), ('Vanison', 'not amazing', 'neutral')]","[('Vanison', 'good', 'neutral'), ('Vanison', 'not amazing', 'neutral')]"
179,"[('Bison', 'excellent', 'positive')]","[('Bison', 'excellent', 'positive')]"
180,"[('Dessert', 'disaster', 'negative')]","[('Dessert', 'pure disaster', 'negative')]"
181,"[('restaurant', 'expensive', 'negative')]","[('restaurant', 'expensive', 'negative')]"
182,"[('food', 'great', 'positive')]","[('food', 'great', 'positive')]"
183,"[('environment', 'upscale', 'neutral')]","[('environnement', 'upscale', 'positive')]"
184,"[('food', 'worth', 'negative')]","[('food', 'not worth', 'negative')]"
185,"[('service', 'sadly', 'negative')]","[('service', 'sadly', 'negative'), ('service', 'no', 'negative')]"
186,"[('Service', 'ok', 'negative')]","[('Service', 'ok', 'neutral')]"
187,"[('Casa La Femme', 'offended', 'negative')]","[('Casa La Femme', 'offended', 'negative')]"
188,"[('place', 'beautiful', 'positive')]","[('place', 'beautiful', 'positive')]"
189,"[('hostess', 'pleasant', 'positive')]","[('hostess', 'pleasant', 'positive')]"
190,"[('drinks', 'horrible', 'negative')]","[('drinks', 'horrible', 'negative')]"
191,"[('waiter', 'forgot', 'negative')]","[('sides', 'forgot', 'negative')]"
192,"[('chicken', 'inedible', 'negative')]","[('chicken', 'inedible', 'negative')]"
193,"[('food', 'good', 'negative')]","[('food', 'empy', 'positive'), ('belly dancers', 'good', 'positive')]"
194,"[('meal', 'inedible', 'negative')]","[('dinner portion of my meal', 'inedible', 'negative')]"
195,"[('restaurant', 'abused', 'negative')]","[('restaurant', 'never felt as if i was abused', 'negative'), ('restaurant', 'wasted', 'negative')]"
196,"[('menu', 'simple', 'neutral')]","[('menu', 'simple', 'neutral')]"
197,"[('beer', 'disappointment', 'negative')]","[('tap beer', 'disappointment', 'negative')]"
198,"[('selection of bottled beer', 'Not much', 'negative')]","[('Brahma', 'Not much of a selection', 'positive')]"
199,"[('fried oysters and clams', 'delicious', 'negative')]","[('appetizers', 'delicious', 'positive'), ('appetizers', 'tiny', 'negative')]"
200,"[('lobster knuckles', 'ok', 'negative'), ('lobster knuckles', 'tasteless', 'negative')]","[('', '', '')]"
201,"[('Thai style Fried Sea Bass', 'good', 'positive')]","[('Thai style Fried Sea Bass', 'good', 'positive')]"
202,"[('food', 'happy', 'positive'), ('grilled Mahi Mahi', 'drenched', 'negative')]","[('food', 'happy', 'positive')]"
203,"[('lobster roll', 'excellent', 'positive')]","[('lobster roll', 'excellent', 'positive')]"
204,"[('food', 'good', 'negative'), ('food', 'expensive', 'negative'), ('food', 'fresh', 'negative')]","[('food', 'good', 'positive'), ('food', 'expensive', 'positive'), ('food', 'fresh', 'positive')]"
205,"[('Service', 'not the friendliest', 'negative')]","[('Service', 'not the friendliest', 'negative')]"
206,"[('Indian food', 'Great', 'positive')]","[('Indian food', 'Great Indian food', 'positive')]"
207,"[('Food', 'amazing', 'positive')]","[('Food', 'amazing', 'positive')]"
208,"[('Indian food', 'normal', 'positive'), ('Indian food', 'well', 'positive')]","[('Indian food', 'normal', 'positive'), ('Indian food', 'well', 'positive')]"
209,"[('lunch buffet', 'expensive', 'positive'), ('lunch buffet', 'worth', 'positive')]","[('lunch buffet', 'expensive', 'negative'), ('lunch buffet', 'worth', 'positive')]"
210,"[('service', 'great', 'positive'), ('dinner', 'great quality', 'positive')]","[('quality', 'great', 'positive'), ('service', 'great', 'positive')]"
211,"[('Bukhara', 'top', 'positive')]","[('Bukhara', 'top 5 places', 'positive')]"
212,"[('food', 'disgusted', 'negative'), ('service', 'disgusted', 'negative')]","[('food', 'disgusting', 'negative'), ('service', 'disgusting', 'negative')]"
213,"[('kimchee', 'disgusting', 'negative'), ('Korean fair', 'mediocre', 'negative')]","[('kimchee', 'mediocre', 'negative'), ('seafood', 'disgusting', 'negative'), ('seafood', 'slimy', 'negative'), ('fish skin', 'clearly bad', 'negative')]"
214,"[('meal', 'disgusted', 'negative')]","[('meal', 'barely eaten', 'negative'), ('girlfriend', 'aggressive', 'negative'), ('oyster', 'likely', 'negative')]"
215,"[('restaurant', 'repulsive', 'negative')]","[('restaurant', 'major bragging points', 'negative'), ('restaurant', 'repulsive', 'negative')]"
216,"[('place', 'Gorgeous', 'positive'), ('place', 'ideal', 'positive')]","[('place', 'Gorgeous', 'positive')]"
217,"[('four course prix fix menu', 'enjoyed', 'positive'), ('white organza tent', 'gorgeous', 'positive')]","[('white organza tent', 'gorgeous', 'positive')]"
218,"[('service', 'spectacular', 'positive'), ('waiter', 'amazing', 'positive')]","[('service', 'spectacular', 'positive'), ('waiter', 'knowledgeable', 'positive'), ('recommendations', 'amazing', 'positive')]"
219,"[('Casa La Femme', 'recommend', 'positive')]","[('Casa La Femme', 'recommend', 'positive')]"
220,"[('bibimbap', 'average', 'neutral'), ('stone bowl', ""wasn't even close to sizzling"", 'negative')]","[('bibimbap', 'average', 'neutral'), ('stone bowl', ""wasn't even close to sizzling"", 'negative')]"
221,"[('stone bowl', 'bad', 'negative')]","[('stone bowl', 'bad', 'negative')]"
222,"[('nakgi-bokum', 'horrible', 'negative')]","[('nakgi-bokum', 'horrible', 'negative')]"
223,"[('stir-fried squid', 'worst', 'negative')]","[('squid', 'worst', 'negative')]"
224,"[('side dishes', 'passable', 'positive')]","[('side dishes', 'passable', 'positive')]"
225,"[('service', 'lack of', 'negative')]","[('service', 'lack of', 'negative')]"
226,"[('dish', 'mess', 'negative')]","[('dish', 'mess', 'negative')]"
227,"[('risotto', 'amazing', 'positive')]","[('risotto', 'amazing', 'positive')]"
228,"[('farro salad', 'tasty', 'positive'), ('mashed yukon potatoes', 'tasty', 'positive')]","[('farro salad', 'tasty', 'positive'), ('mashed yukon potatoes', 'tasty', 'positive')]"
229,"[('east village pizza', 'love', 'positive'), ('margherita pizza', 'looove', 'positive')]","[('margherita pizza', 'love', 'positive'), ('east village pizza', 'looove', 'positive')]"
230,"[('place', 'Love', 'positive')]","[('place', 'Love', 'positive')]"
231,"[('slice of NYC pizza', 'quintessential', 'neutral')]","[('pizza', 'quintessential', 'positive')]"
232,"[('crust', 'great', 'positive'), ('crust', 'good', 'positive'), ('sauce', 'light', 'positive'), ('cheese', 'great', 'positive')]","[('crust', 'great', 'positive'), ('crust', 'nice', 'positive'), ('sauce', 'light', 'positive'), ('sauce', 'nice', 'positive'), ('salt', 'great', 'positive')]"
233,"[('margherita pizza', 'like', 'positive')]","[('margherita pizza', 'like', 'positive'), ('margherita pizza', 'good', 'positive')]"
234,"[('Restaurant', 'Romantic', 'positive')]","[('Restaurant', 'Romantic', 'positive')]"
235,"[('modern Japanese brasserie', 'favorite', 'positive'), ('modern Japanese brasserie', 'romantic', 'positive')]","[('brasserie', 'favorite', 'positive'), ('sushi', 'favorite', 'positive'), ('restaurant', 'romantic', 'positive')]"
236,"[('spot', 'hidden', 'neutral'), ('décor', 'intimate', 'positive')]","[('wooden', 'unmarked', 'negative'), ('decor', 'zen', 'positive'), ('decor', 'intimate', 'negative')]"
237,"[('private booths', 'ushered', 'positive')]","[('date', 'like', 'positive')]"
238,"[('sashimi amuse bouche', 'delightful', 'positive')]","[('sashimi amuse bouche', 'delightful', 'positive')]"
239,"[('Grilled Black Cod', 'devoured', 'positive'), ('Grilled Salmon dish', 'better', 'positive')]","[('Grilled Black Cod', 'devoured', 'positive'), ('Grilled Salmon dish', 'better', 'positive')]"
240,"[('frozen black sesame mousse', 'interesting', 'neutral'), ('frozen black sesame mousse', 'extraordinary', 'neutral'), ('matcha ( powdered green tea ) and blueberry cheesecake', 'phenomenal', 'positive')]","[('frozen black sesame mousse', 'interesting', 'positive'), ('matcha ( powdered green tea )', 'phenomenal', 'positive'), ('blueberry cheesecake', 'phenomenal', 'positive')]"
241,"[('brasserie', 'good', 'positive')]","[('company', 'great', 'positive'), ('brasserie', 'reasonable', 'positive')]"
242,"[('service', 'leaves much to be desired', 'negative')]","[('service', 'disappointing', 'negative')]"
243,"[('service', 'horrible', 'negative')]","[('service', 'horrible', 'negative')]"
244,"[('Shabu Shabu', 'Great', 'positive')]","[('Sabu', 'Great', 'positive')]"
245,"[('dishes', ""wasn't too impressed"", 'neutral')]","[('dishes', 'impressed', 'negative')]"
246,"[('meat', 'fresh', 'positive'), ('sauces', 'great', 'positive'), ('service', 'good', 'positive'), ('kimchi', 'free', 'positive'), ('salad', 'free', 'positive')]","[('meat', 'fresh', 'positive'), ('sauces', 'great', 'positive'), ('kimchi', 'free', 'positive'), ('service', 'good', 'positive')]"
247,"[('Korean food', 'classic', 'positive'), ('fusion twists', 'classic', 'positive'), ('pork belly tacos', 'classic', 'positive')]","[('Korean food', 'classic', 'positive'), ('Dokebi', 'right', 'positive')]"
248,"[('hot dogs', 'good', 'positive'), ('pork croquette sandwich', 'fantastic', 'positive'), ('bun', 'perfect', 'positive')]","[('hot dogs', 'good', 'positive'), ('pork croquette sandwich', 'fantastic', 'positive'), ('pork croquette sandwich', 'perfect', 'positive')]"
249,"[('food', 'good', 'positive')]","[('food', 'good', 'positive')]"
250,"[('family seafood entree', 'good', 'positive')]","[('family seafood entree', 'good', 'positive')]"
251,"[('main entree', 'good', 'positive')]","[('main entree', 'good', 'positive')]"
252,"[('food', 'good', 'negative')]","[('Food', 'good', 'positive')]"
253,"[('decor', 'weird', 'negative'), ('mirrored walls', 'dizzy', 'negative'), ('mirrored walls', 'delusional', 'negative')]","[('decor', 'weird', 'negative'), ('mirrored walls', 'delusional', 'negative')]"
254,"[('place', 'not inviting', 'negative'), ('food', 'weird', 'negative')]","[('place', 'not inviting', 'negative'), ('food', 'weird', 'negative')]"
255,"[('japanese tapas', ""doesn't work"", 'negative')]","[('japanese tapas', 'new', 'negative'), ('japanese tapas', 'clearly', 'negative')]"
256,"[('food', 'not comforting', 'negative'), ('food', 'not appetizing', 'negative'), ('food', 'uncooked', 'negative')]","[('food', 'not comforting', 'negative'), ('food', 'appetizing', 'negative'), ('food', 'uncooked', 'negative')]"
257,"[('Food', 'Good', 'positive')]","[('Food', 'Good Food', 'positive')]"
258,"[('food', 'great', 'positive'), ('food', 'tasty', 'positive'), ('sitting space', 'too small', 'negative')]","[('food', 'great', 'positive'), ('food', 'tasty', 'positive'), ('sitting space', 'too small', 'negative')]"
259,"[('place', 'nice romantic', 'positive')]","[('place', 'nice', 'positive')]"
260,"[('Pacifico', 'loved', 'positive')]","[('Pacifico', 'loved', 'positive')]"
261,"[('atmosphere', 'great', 'positive')]","[('atmosphere', 'great', 'positive')]"
262,"[('food', 'excellent', 'positive')]","[('food', 'excellent', 'positive'), ('margaritas', 'not to write home about', 'negative')]"
263,"[('waitress', ""wasn't mean"", 'neutral'), ('waitress', 'not especially warm or attentive', 'neutral')]","[('waitress', 'not mean', 'negative'), ('waitress', 'not particularly warm', 'negative'), ('waitress', 'attentive', 'negative')]"
264,"[('restaurant', 'bad', 'positive')]","[('reviews', 'bad', 'negative')]"
265,"[('servers', 'perfected', 'negative')]","[('servers', 'perfect', 'negative'), ('servers', 'ashamed', 'negative')]"
266,"[('server', 'enhanced', 'negative'), ('appetizer', 'delicious', 'positive')]","[('server', 'different', 'positive')]"
267,"[('food', 'good', 'positive')]","[('food', 'good', 'positive'), ('salmon', 'better', 'positive')]"
268,"[('fit-out', 'nice', 'positive'), ('furnishings', 'attractive', 'positive'), ('wine list', 'reasonable', 'positive')]","[('place', 'nice', 'positive'), ('place', 'attractive', 'positive'), ('furniture', 'attractive', 'positive'), ('food menu', 'reasonable', 'positive')]"
269,"[('meals', 'good', 'negative')]","[('meals', 'good', 'positive')]"
270,"[('chicken', 'appalled', 'negative')]","[('chicken', 'appalled', 'negative')]"
271,"[('spinach', 'undercooked', 'negative')]","[('', '', '')]"
272,"[('salmon', 'fishy', 'negative'), ('salmon', 'dry', 'negative'), ('salmon', 'bland', 'negative')]","[('salmon', 'fishy', 'negative'), ('salmon', 'dry', 'negative'), ('Salmon', 'bland', 'negative')]"
273,"[('manager', 'bad', 'negative')]","[('manager', 'bad', 'negative')]"
274,"[('drinks', 'enjoy', 'positive'), ('appetizers', 'enjoy', 'positive')]","[('manager', 'nice', 'positive')]"
275,"[('STAFF', 'FIRED', 'negative')]","[('STAFF', 'FIRED', 'negative')]"
276,"[('margherita pizza', 'cirspy crust', 'positive')]","[('', '', '')]"
277,"[('pizza', 'good', 'positive')]","[('pizza', 'good', 'positive')]"
278,"[('crust', 'cooked well', 'positive'), ('pizza', 'fully loaded', 'positive')]","[('crust', 'imazingly cooked', 'positive'), ('pizza', 'loaded', 'positive')]"
279,"[('Restaurant', 'Worst', 'negative')]","[('Single Worst Restaurant', 'Worst', 'negative')]"
280,"[('decor', 'cool', 'positive'), ('pita', 'good', 'positive'), ('hummus', 'good', 'positive'), ('grilled octopus', 'tasty', 'positive')]","[('decor', 'cool', 'positive'), ('pita', 'good', 'positive'), ('hummus', 'good', 'positive'), ('grilled octopus', 'tasty', 'positive')]"
281,"[('scene', 'spectacular', 'positive')]","[('scene', 'spectacular', 'positive')]"
282,"[('decor', 'distraction', 'neutral'), ('eggplant', 'cold', 'negative')]","[('decor', 'distract', 'negative'), ('egg', 'cold', 'negative')]"
283,"[('Hot Dogs', 'Great', 'positive')]","[('Hot Dogs', 'Great', 'positive')]"
284,"[('hot dogs', 'top notch', 'positive'), ('Slamwich', 'amazing', 'positive')]","[('hot dogs', 'top notch', 'positive'), ('Slamwich', 'amazing', 'positive')]"
285,"[('Bark', 'worth', 'positive')]","[('Bake', 'worth', 'positive')]"
286,"[('spot', 'great', 'positive'), ('food', 'great', 'positive')]","[('spot', 'great', 'positive'), ('food', 'great', 'positive')]"
287,"[('food', 'Fabulous', 'positive')]","[('food', 'Fabulous', 'positive')]"
288,"[('waiters', 'fantastic', 'positive'), ('front of house staff', 'hideous', 'negative'), ('fish dishes', 'exceptional', 'positive')]","[('front of house staff', 'fantastic', 'negative'), ('people', 'greet', 'negative'), ('fish dishes', 'hideous', 'negative')]"
289,"[('front of house staff', 'abused', 'negative')]","[('front of house staff', 'abusive', 'negative')]"
290,"[('girl', 'frizzy', 'negative')]","[('', '', '')]"
291,"[('staff', 'horrified', 'negative')]","[('staff', 'rude', 'negative')]"
292,"[('girl', 'uninvited', 'negative')]","[('girl', 'uninvited', 'negative')]"
293,"[('service', 'expect better', 'negative')]","[('service', 'better', 'positive')]"
294,"[('food', 'fine', 'positive'), ('service', 'fine', 'positive'), ('maitre-D', 'unwelcoming', 'negative'), ('maitre-D', 'arrogant', 'negative')]","[('food', 'fine', 'positive'), ('service', 'fine', 'negative'), ('maitre-D', 'unwelcoming', 'negative'), ('maitre-D', 'arrogant', 'negative')]"
295,"[('bottle of wine', 'high-end', 'positive')]","[('meals', 'high-end', 'positive'), ('meals', 'high-end', 'positive'), ('fiance', 'joined', 'positive')]"
296,"[('frontman', 'bad', 'negative')]","[('frontman', 'bad behavior', 'negative')]"
297,"[('meal', 'Best', 'positive')]","[('meal', 'Best', 'positive')]"
298,"[('Mussles', 'superb', 'positive'), ('calamari', 'superb', 'positive')]","[('mussles', 'superb', 'positive'), ('calamari', 'superb', 'positive')]"
299,"[('Lamb special', 'perfect', 'positive')]","[('Lamb special', 'perfect', 'positive')]"
300,"[('flank steak', 'good', 'positive')]","[('foie steak', 'good', 'positive'), ('swordfish', 'good', 'positive')]"
301,"[('The Four Seasons restaurant', 'great', 'positive')]","[('Four Seasons restaurant', 'great', 'positive')]"
302,"[('food', 'great', 'positive'), ('environment', 'better', 'positive')]","[('food', 'great', 'positive'), ('environnement', 'better', 'positive')]"
303,"[('hot dog', 'elevated', 'positive')]","[('hot dog', 'elevated', 'positive'), ('entree', 'real', 'positive'), ('variations', 'available', 'positive')]"
304,"[('Atmosphere', 'Great', 'positive')]","[('', '', '')]"
305,"[('fish tacos', 'recommend', 'positive')]","[('fish tacos', 'recommend', 'positive'), ('fish tacos', 'ok', 'positive')]"
306,"[('atmosphere', 'Cool', 'positive')]","[('atmosphere', 'Cool', 'positive'), ('fire place', 'ads to', 'positive')]"
307,"[('service', 'Poor', 'negative'), ('management', 'Poor', 'negative')]","[('service', 'Poor', 'negative'), ('management', 'Poor', 'negative')]"
308,"[('Casa la Femme', 'awful', 'negative')]","[('Casa la Femme', 'awful', 'negative')]"
309,"[('manager', 'rude', 'negative')]","[('manager', 'rude', 'negative'), ('manager', 'poorly', 'negative')]"
310,"[('restaurant', 'expensive', 'negative')]","[('restaurant', 'expensive', 'negative')]"
311,"[('food', 'good', 'neutral'), ('food', 'not outstanding', 'neutral')]","[('food', 'good', 'neutral'), ('food', 'not outstanding', 'neutral')]"
312,"[('bread', 'stale', 'negative'), ('salad', 'overpriced', 'negative'), ('salad', 'empty', 'negative')]","[('bread', 'stale', 'negative'), ('salad', 'overpriced', 'negative'), ('salad', 'empty', 'negative')]"
313,"[('pasta', 'well cooked', 'negative')]","[('pasta', 'well cooked', 'negative')]"
314,"[('hostess', 'rude', 'negative')]","[('hostess', 'rude', 'negative'), ('hostess', 'distinct', 'negative')]"
315,"[('bartender', 'disappeared', 'negative')]","[('bartender', 'disappeared', 'negative')]"
316,"[('staff', 'rude', 'negative'), ('customer service', 'non-existent', 'negative')]","[('staff', 'horrible rude', 'negative'), ('customer service', 'non-existent', 'negative')]"
317,"[('staff', 'bad', 'negative')]","[('staff', 'bad', 'negative')]"
318,"[('place', 'like', 'positive')]","[('place', 'like', 'positive')]"
319,"[('food', 'good', 'positive')]","[('food', 'good', 'positive')]"
320,"[('space', 'good', 'positive')]","[('design', 'good', 'positive')]"
321,"[('service', 'HORRID', 'negative')]","[('service', 'HORRID', 'negative')]"
