,labels,predictions
0,"[('bread', 'top notch', 'positive')]","[('bread', 'top notch', 'positive')]"
1,"[('delivery times', 'fastest', 'positive')]","[('delivery times', 'fastest', 'positive')]"
2,"[('Food', 'fresh', 'positive'), ('Food', 'hot', 'positive')]","[('Food', 'fresh', 'positive'), ('Food', 'hot', 'positive')]"
3,"[('coffee', 'OUTSTANDING', 'positive')]","[('coffee', 'OUTSTANDING', 'positive')]"
4,"[('place', 'clean', 'positive')]","[('sushi', 'best', 'positive'), ('place', 'clean', 'positive'), ('place', 'sterile', 'positive')]"
5,"[('people', 'trust', 'positive')]","[('people', 'trust', 'positive'), ('Go Sushi', 'never disappoints', 'positive')]"
6,"[('Japanese food', 'decent', 'positive')]","[('Japanese food', 'decent', 'positive')]"
7,"[('asian salad', 'great', 'positive'), ('spicy tuna roll', 'BEST', 'positive')]","[('spicy tuna roll', 'BEST', 'positive'), ('asian salad', 'great', 'positive')]"
8,"[('rose roll', 'Try', 'positive')]","[('rose roll', 'Try', 'positive')]"
9,"[('drinks', 'love', 'positive'), ('lychee martini', 'love', 'positive'), ('food', 'good', 'positive')]","[('drinks', 'love', 'positive'), ('food', 'good', 'positive'), ('lychee martini', 'good', 'positive')]"
10,"[('menu', 'decent', 'positive')]","[('menu', 'decent', 'positive'), ('dessert pizza', ""shouldn't take ten minutes"", 'negative')]"
11,"[('food', 'top-notch', 'positive'), ('live entertainment', 'top-notch', 'positive')]","[('food', 'top-notch', 'positive'), ('live entertainment', 'unforgettable', 'positive')]"
12,"[('waiter', 'horrible', 'negative'), ('waiter', 'rude', 'negative'), ('waiter', 'disinterested', 'negative')]","[('waiter', 'horrible', 'negative'), ('waiter', 'rude', 'negative'), ('waiter', 'disinterested', 'negative')]"
13,"[('sangria', 'watered down', 'negative')]","[('sangria', 'watered down', 'negative')]"
14,"[('menu', 'uneventful', 'negative'), ('menu', 'small', 'negative')]","[('menu', 'uneventful', 'negative'), ('menu', 'small', 'negative')]"
15,"[('sushi', 'fresh', 'positive'), ('portions', 'great', 'positive'), ('price', 'reasonable', 'positive')]","[('sushi', 'fresh', 'positive'), ('portions', 'great', 'positive'), ('price', 'reasonable', 'positive')]"
16,"[('food', 'Great', 'positive'), ('service', 'dreadful', 'negative')]","[('food', 'Great', 'positive'), ('service', 'dreadful', 'negative')]"
17,"[('portions of the food', 'mediocre', 'neutral')]","[('portions of the food', 'mediocre', 'neutral')]"
18,"[('staff memebers', 'friendly', 'positive'), ('parking', 'convenient', 'positive')]","[('staff memebers', 'friendly', 'positive'), ('parking', 'convenient', 'positive')]"
19,"[('Desserts', 'incredible', 'positive'), ('Tart of the Day', 'favorite', 'positive')]","[('Desserts', 'incredible', 'positive'), ('Tart of the Day', 'favorite', 'positive')]"
20,"[('food', 'tasty', 'positive'), ('food', 'creatively presented', 'positive'), ('wine', 'excellent', 'positive')]","[('food', 'tasty', 'positive'), ('food', 'creatively presented', 'positive'), ('wine', 'excellent', 'positive')]"
21,"[('LASAGNA', 'BEST', 'positive')]","[('LASAGNA', 'BEST', 'positive')]"
22,"[('array of sushi', 'freshest', 'positive'), ('array of sushi', 'most delicious', 'positive')]","[('sushi', 'freshest', 'positive'), ('sushi', 'delicious', 'positive')]"
23,"[('cuisine', 'superb', 'positive'), ('owners', 'friendly', 'positive'), ('staff', 'friendly', 'positive')]","[('cuisine', 'superb', 'positive'), ('owners', 'friendly', 'positive'), ('staff', 'friendly', 'positive')]"
24,"[('indian food', 'serious', 'positive'), ('ambiance', 'cozy', 'positive')]","[('indian food', 'serious', 'positive'), ('ambiance', 'cozy', 'positive'), ('indian food', 'exquisite', 'positive')]"
25,"[('food', 'enjoyed', 'positive')]","[('food', 'enjoyed', 'positive')]"
26,"[('service', 'delightful', 'positive'), ('garden', 'adorable', 'positive'), ('food', 'delectable', 'positive'), ('appetizers', 'delectable', 'positive'), ('entrees', 'delectable', 'positive')]","[('service', 'uncrowded', 'positive'), ('service', 'delightful', 'positive'), ('garden', 'adorable', 'positive'), ('food', 'delectable', 'positive'), ('appetizers', 'delectable', 'positive'), ('entrees', 'delectable', 'positive')]"
27,"[('food', 'good', 'positive'), ('decor', 'nice', 'positive')]","[('food', 'good', 'positive'), ('decor', 'nice', 'positive')]"
28,"[('lunch', 'power', 'negative'), ('dinners', 'power', 'negative')]","[('power lunch', 'pretentious', 'negative'), ('dinners', 'inappropriate', 'negative')]"
29,"[('steaks', 'wasted', 'negative')]","[('steaks', 'wasted', 'negative')]"
30,"[('staff', 'friendly', 'negative')]","[('staff', 'friendly', 'positive')]"
31,"[('meatball parm', 'good', 'positive')]","[('meatball parm', 'good', 'positive')]"
32,"[('latin food', 'good tasting', 'positive'), ('latin food', 'well seasoned', 'positive')]","[('latin food', 'good tasting', 'positive'), ('latin food', 'well seasoned', 'positive')]"
33,"[('taglierini with truffles', 'try', 'positive'), ('taglierini with truffles', 'incredible', 'positive')]","[('taglierini with truffles', 'try', 'positive'), ('traitillers', 'incredible', 'positive')]"
34,"[('staff', 'attentive', 'positive'), ('staff', 'personable', 'positive')]","[('staff', 'attentive', 'positive'), ('staff', 'personable', 'positive')]"
35,"[('gnocchi', 'melts', 'positive')]","[('gnocchi', 'melts', 'positive')]"
36,"[('staff', 'pleasant', 'positive'), ('food', 'tasty', 'positive'), ('portion size', 'large', 'positive'), ('portobello/gorgonzola/sausage appetizer', 'recommend', 'positive'), ('lobster risotto', 'recommend', 'positive')]","[('staff', 'pleasant', 'positive'), ('food', 'tasty', 'positive'), ('food', 'large', 'positive'), ('portobello/gorgonzola/sausage appetizer', 'recommend', 'positive'), ('salmon risotto', 'recommend', 'positive')]"
37,"[('food', 'good', 'positive'), ('teriyaki', 'recommend', 'positive')]","[('food', 'good', 'positive'), ('teriyaki', 'recommend', 'positive')]"
38,"[('Meal', 'expensive', 'negative')]","[('Meal', 'expensive', 'negative')]"
39,"[('Peanut Butter Sorbet', 'Try', 'positive'), ('pizza with soy cheese', 'Try', 'positive')]","[('Peanut Butter Sorbet', 'Try', 'positive'), ('pizza with soy cheese', 'Try', 'positive')]"
40,"[('food', 'Good', 'positive'), ('price', 'right', 'positive')]","[('food', 'Good', 'positive'), ('price', 'right', 'positive')]"
41,"[('food', 'top notch', 'positive'), ('service', 'attentive', 'positive'), ('atmosphere', 'great', 'positive')]","[('food', 'top notch', 'positive'), ('service', 'attentive', 'positive'), ('atmosphere', 'great', 'positive')]"
42,"[('food', 'Great', 'positive'), ('waitstaff', 'great', 'positive'), ('atmosphere', 'great', 'positive'), ('beer', 'best', 'positive'), ('beer', 'GREAT', 'positive')]","[('food', 'Great', 'positive'), ('waitstaff', 'great', 'positive'), ('atmosphere', 'great', 'positive')]"
43,"[('food', 'inexpensive', 'positive'), ('food', 'good', 'positive'), ('kimono shrimp special', 'excellent', 'positive'), ('atmosphere', 'great', 'positive')]","[('food', 'favorite', 'positive'), ('kimono shrimp special', 'excellent', 'positive')]"
44,"[('menu', 'interesting', 'positive'), ('menu', 'reasonably priced', 'positive'), ('priced', 'reasonably', 'positive')]","[('menu', 'interesting', 'positive'), ('priced', 'reasonably', 'positive')]"
45,"[('food', 'delicious', 'positive'), ('ingredients', 'fresh', 'positive')]","[('food', 'delicious', 'positive'), ('ingredients', 'fresh', 'positive')]"
46,"[('food', ""wasn't cooked fresh"", 'negative')]","[('food', 'obvious', 'negative')]"
47,"[('Appetizer', 'excellent', 'positive'), ('meal', 'great', 'positive'), ('meal', 'inexpensive', 'positive')]","[('Appetizer', 'excellent', 'positive'), ('meal', 'great', 'positive'), ('meme', 'inexpensive', 'positive')]"
48,"[('spicy mussels', 'highlight', 'positive')]","[('mussels', 'highlight', 'positive')]"
49,"[('Onion Rings', 'best', 'positive')]","[('Onion Rings', 'best', 'positive')]"
50,"[('food', 'utterly disappointed', 'negative')]","[('food', 'disappointed', 'negative')]"
51,"[('portions', 'Huge', 'positive'), ('service', 'great', 'positive'), ('service', 'attentive', 'positive'), ('prices', 'good', 'positive')]","[('portions', 'Huge', 'positive'), ('service', 'great', 'positive'), ('service', 'attentive', 'positive'), ('prices', 'good', 'positive')]"
52,"[('service', 'disappointed', 'negative'), ('food', 'disappointed', 'negative')]","[('service', 'disappointed', 'negative'), ('food', 'disappointed', 'negative')]"
53,"[('waiter', 'rudeness', 'negative'), ('manager', 'rudeness', 'negative')]","[('waiter', 'rudeness', 'negative'), ('manager', 'rudeness', 'negative')]"
54,"[('food', 'great', 'positive'), ('milkshakes', 'better', 'positive')]","[('food', 'great', 'positive'), ('milkshakes', 'better', 'positive')]"
55,"[('mushroom barley soup', 'amazing', 'positive')]","[('mushroom barley soup', 'amazing', 'positive')]"
56,"[('food', 'good', 'positive'), ('staff', 'friendly', 'positive'), ('staff', 'courteous', 'positive'), ('staff', 'efficient', 'positive')]","[('food', 'good', 'positive'), ('staff', 'friendly', 'positive'), ('staff', 'courteous', 'positive'), ('staff', 'efficient', 'positive')]"
57,"[('duck', 'delicious', 'positive')]","[('duck here', 'delicious', 'positive')]"
58,"[('drinks', 'fantastic', 'positive'), ('food', 'superb', 'positive')]","[('drinks', 'fantastic', 'positive'), ('food', 'superb', 'positive')]"
59,"[('curried casseroles', 'harsh', 'negative')]","[('curried casseroles', 'harsh', 'negative')]"
60,"[('food', 'EXCELLENT', 'positive')]","[('food', 'EXCELLENT', 'positive')]"
61,"[('taste', 'pleasantly surprised', 'positive')]","[('taste', 'surprised', 'positive')]"
62,"[('seafood', 'great', 'positive')]","[('space', 'nice', 'positive'), ('cuisine', 'great', 'positive'), ('dedication', 'singleminded', 'positive')]"
63,"[('atmosphere', 'relaxing', 'positive'), ('atmosphere', 'laid-back', 'positive')]","[('atmosphere', 'relaxing', 'positive'), ('atmosphere', 'laid-back', 'positive')]"
64,"[('meats', 'substandard', 'negative')]","[('meats', 'substandard', 'negative')]"
65,"[('Management', 'less than accomodating', 'negative')]","[('Management', 'less than accomodating', 'negative')]"
66,"[('ambience', 'laid-back', 'positive'), ('ambience', 'relaxed', 'positive')]","[('ambience', 'laid-back', 'positive'), ('ambience', 'relaxed', 'positive')]"
67,"[('teas', 'great', 'positive'), ('sweets', 'homemade', 'positive')]","[('teas', 'great', 'positive'), ('sweets', 'homemade', 'positive')]"
68,"[('mojitos', 'best', 'positive'), ('service', 'best', 'positive')]","[('mojitos', 'best', 'positive'), ('service', 'best', 'positive')]"
69,"[('Sandwiches', 'classic successes', 'positive'), ('burgers', 'classic successes', 'positive'), ('salads', 'classic successes', 'positive'), ('lemon-dressed cobb', 'classic successes', 'positive')]","[('Sandwiches', 'classic successes', 'positive'), ('burgers', 'classic', 'positive'), ('salads', 'classic', 'positive'), ('cobb', 'classic', 'positive'), ('salads', 'classic', 'positive')]"
70,"[('design', 'intimate', 'positive'), ('design', 'romantic', 'positive')]","[('design', 'intimate', 'positive'), ('design', 'romantic', 'positive')]"
71,"[('food', 'wonderful', 'positive'), ('food', 'imaginative', 'positive')]","[('food', 'wonderful', 'positive'), ('food', 'imaginative', 'positive')]"
72,"[('staff', 'sharp', 'positive'), ('staff', 'good', 'positive')]","[('staff', 'sharp', 'positive')]"
73,"[('taste', 'worst', 'negative')]","[('taste', 'worst', 'negative')]"
74,"[('fajita', 'tasteless', 'negative'), ('fajita', 'burned', 'negative'), ('mole sauce', 'too sweet', 'negative')]","[('fajita', 'tasteless', 'negative'), ('molle sauce', 'too sweet', 'negative')]"
75,"[('atmosphere', 'warm', 'positive'), ('atmosphere', 'artsy', 'positive'), ('atmosphere', 'sexy', 'positive')]","[('atmosphere', 'warm', 'positive'), ('atmosphere', 'comfortable', 'positive'), ('', '', ''), ('', '', '')]"
76,"[('food', 'great', 'positive'), ('selection', 'big', 'positive'), ('prices', 'reasonable', 'positive'), ('drinks', 'good', 'positive')]","[('food', 'great', 'positive'), ('selection', 'big', 'positive'), ('prices', 'reasonable', 'positive')]"
77,"[('waiters', 'cute', 'positive'), ('waiters', 'friendliness', 'positive')]","[('waiters', 'cute', 'positive'), ('waiters', 'friendliness', 'positive')]"
78,"[('priced', 'reasonably', 'positive')]","[('priced', 'reasonably', 'positive')]"
79,"[('selection of food', 'excellent', 'positive'), ('atmosphere', 'great', 'positive')]","[('selection of food', 'excellent', 'positive'), ('atmosphere', 'great', 'positive')]"
80,"[('dessert', 'overpriced', 'negative'), ('taste', 'short', 'negative')]","[('dessert', 'overpriced', 'negative'), ('dessert', 'short', 'negative')]"
81,"[('Food', 'decent', 'positive'), ('Food', 'not great', 'positive')]","[('Food', 'decent', 'neutral'), ('Food', 'not great', 'neutral')]"
82,"[('bar', 'quaint', 'positive'), ('food', 'good', 'positive')]","[('bar', 'quaint', 'positive'), ('food', 'good', 'positive')]"
83,"[('waiters', 'angry', 'negative')]","[('waiters', 'high-tipping', 'negative')]"
84,"[('atmosphere', 'nice', 'positive')]","[('atmosphere', 'nice', 'positive')]"
85,"[('food', 'more expensive then typical', 'positive')]","[('food', 'expensive', 'positive')]"
86,"[('wraps', 'fresh', 'positive'), ('wraps', 'tasty', 'positive'), ('burgers', 'fresh', 'positive'), ('burgers', 'tasty', 'positive'), ('salads', 'fresh', 'positive'), ('salads', 'tasty', 'positive'), ('mango margareta', 'WELL WORTH', 'positive')]","[('wraps', 'fresh', 'positive'), ('burgers', 'tasty', 'positive'), ('salads', 'tasty', 'positive'), ('mango margareta', 'WORTH', 'negative')]"
87,"[('service', 'friendly', 'positive'), ('service', 'good', 'positive')]","[('service', 'friendly', 'positive'), ('service', 'good', 'positive')]"
88,"[('waiter', 'friendly', 'positive')]","[('waiter', 'friendly', 'positive'), ('staff', 'supportive', 'negative')]"
89,"[('folding chair', 'uncomfortable', 'negative')]","[('folding chair', 'uncomfortable', 'negative')]"
90,"[('Service', 'best', 'positive')]","[('Service', 'best', 'positive')]"
91,"[('fettucino alfredo', 'amazing', 'positive')]","[('fettucino alfredo', 'amazing', 'positive')]"
92,"[('food', 'good', 'positive'), ('vegan options', 'many', 'positive')]","[('food', 'good', 'positive'), ('vegetarian options', 'pleasantly surprised', 'positive')]"
93,"[('Smoked Trout', 'try', 'positive'), ('Lamb Chops', 'try', 'positive'), ('Veal Chops', 'try', 'positive'), ('Rabbit', 'try', 'positive'), ('potato gratin', 'try', 'positive')]","[('Smoked Trout', 'try', 'positive'), ('Lamb Chops', 'try', 'positive'), ('veal Chops', 'try', 'positive'), ('rabbit', 'try', 'positive'), ('pasta', 'on', 'positive'), ('pizza', 'on', 'positive')]"
94,"[('food', 'right on target', 'positive'), ('service', 'right on target', 'positive')]","[('food', 'right', 'positive'), ('service', 'right', 'positive')]"
95,"[('eggs benedict', 'well', 'positive'), ('eggs benedict', 'tasty', 'positive'), ('mussels', 'well', 'positive'), ('mussels', 'tasty', 'positive'), ('hamburger', 'well', 'positive'), ('hamburger', 'tasty', 'positive')]","[('eggs benedict', 'well', 'positive'), ('mussels', 'tasty', 'positive'), ('burger', 'well', 'positive'), ('burger', 'tasty', 'positive')]"
96,"[('waiters', 'professional', 'positive'), ('waiters', 'courteous', 'positive'), ('waiters', 'attentive', 'positive')]","[('waiters', 'professional', 'positive'), ('waiters', 'courteous', 'positive'), ('waiters', 'attentive', 'positive')]"
97,"[('falafal', 'over cooked', 'negative'), ('falafal', 'dried', 'negative'), ('chicken', 'fine', 'positive')]","[('falafal', 'over cooked', 'negative'), ('chicken', 'fine', 'positive')]"
98,"[('grand marnier shrimp', 'recommend', 'positive'), ('grand marnier shrimp', 'good', 'positive')]","[('grand marnier shrimp', 'recommend', 'positive'), ('grand marnier shrimp', 'good', 'positive')]"
99,"[('food', 'enjoy', 'positive'), ('food', 'great', 'positive'), ('service', 'good', 'positive')]","[('food', 'enjoy', 'positive'), ('food', 'great', 'positive'), ('service', 'good', 'positive')]"
100,"[('portions', 'small', 'negative')]","[('portions', 'small', 'negative')]"
101,"[('wait staff', 'loud', 'negative'), ('wait staff', 'inconsiderate', 'negative')]","[('wait staff', 'loud', 'negative'), ('wait staff', 'inconsiderate', 'negative')]"
102,"[('food', 'lacking', 'negative'), ('service', 'lacking', 'negative')]","[('food', 'lacking', 'negative'), ('service', 'lacking', 'negative')]"
103,"[('sushi', 'bigger', 'negative')]","[('sushi', 'bigger', 'positive')]"
104,"[('service', 'great', 'positive'), ('soup', 'great', 'positive'), ('soup', 'hot', 'positive')]","[('service', 'great', 'positive'), ('soup', 'nice', 'positive'), ('soup', 'hot', 'positive')]"
105,"[('crepes', 'delicious', 'positive')]","[('crepes', 'delicious', 'positive')]"
106,"[('desserts', 'good', 'positive'), ('creme brulee', 'silken', 'positive'), ('apple tart', 'thin', 'positive')]","[('desserts', 'good', 'positive'), ('seafood', 'worth the trip', 'positive'), ('creme brulee', 'good', 'positive'), ('paper -- thin apple tart', 'good', 'positive')]"
107,"[('shrimp creole', 'delicious', 'positive')]","[('shrimp creole', 'delicious', 'positive')]"
108,"[('chicken dinner', 'good', 'positive')]","[('chicken dinner', 'good', 'positive')]"
109,"[('food', 'delicious', 'positive')]","[('food', 'delicious', 'positive')]"
110,"[('ribs', 'Try', 'positive'), ('beef', 'Try', 'positive')]","[('ribs', 'Try', 'positive'), ('ribs', 'sizzling beef', 'positive'), ('coconut rice', 'Try', 'positive')]"
111,"[('avocado salad', 'fave', 'positive')]","[(' avocado salad', 'fave', 'positive')]"
112,"[('honey BBQ rib tips', 'yummy', 'positive')]","[('honey BBQ rib tips', 'yummy', 'positive')]"
113,"[('Chinese food', 'BEST', 'positive')]","[('Chinese food', 'BEST', 'positive')]"
114,"[('Service', 'happy', 'positive')]","[('Service', 'happy', 'positive')]"
115,"[('staff', 'friendly', 'positive')]","[('staff', 'friendly', 'positive')]"
116,"[('Waiters', 'friendly', 'positive'), ('pasta', 'out of this world', 'positive')]","[('Waiters', 'friendly', 'positive'), ('pasta', 'out of this world', 'positive')]"
117,"[('wine list', 'Great', 'positive'), ('cocktail menu', 'great', 'positive')]","[('wine list', 'Great', 'positive'), ('cocktail menu', 'great', 'positive')]"
118,"[('crab cakes', 'delicious', 'positive'), ('BBQ rib', 'perfect', 'positive')]","[('crab cakes', 'delicious', 'positive'), ('BBQ rib', 'perfect', 'positive')]"
119,"[('food', 'wonderful', 'positive'), ('food', 'artfully', 'positive'), ('food', 'delicious', 'positive')]","[('food', 'wonderful', 'positive'), ('food', 'artfully done', 'positive'), ('food', 'delicious', 'positive')]"
120,"[('service', 'fast', 'positive')]","[('service', 'fast', 'positive')]"
121,"[('service', 'highest', 'positive'), ('desserts', 'free', 'positive')]","[('service', 'highest', 'positive'), ('desserts', 'free', 'positive')]"
122,"[('atmosphere', 'beautiful', 'positive'), ('drinks', 'perfect', 'neutral'), ('appetizers', 'perfect', 'neutral')]","[('atmosphere', 'beautiful', 'positive'), ('drinks', 'perfect', 'positive'), ('appetizers', 'perfect', 'positive')]"
123,"[('pizza', 'best', 'positive')]","[('pizza', 'best', 'positive')]"
124,"[('service', 'comforting', 'positive'), ('food', 'better than average', 'positive'), ('beer list', 'extensive', 'positive')]","[('service', 'comforting', 'positive'), ('food', 'better', 'positive'), ('beer list', 'extensive', 'positive')]"
125,"[('service', 'excellent', 'positive')]","[('service', 'excellent', 'positive')]"
126,"[('hotdogs', 'worst', 'negative')]","[('hotdogs', 'worst', 'negative')]"
127,"[('staff', 'friendly', 'positive'), ('Saag gosht', 'good', 'positive')]","[('staff', 'friendly', 'positive'), ('Saag gosht', 'good', 'positive')]"
128,"[('garlic knots', 'recommend', 'positive')]","[('garlic knots', 'recommend', 'positive')]"
129,"[('Indian food', 'Best', 'positive')]","[('Indian food', 'Best', 'positive')]"
130,"[('pizza', 'best', 'positive')]","[('pizza', 'best', 'positive')]"
131,"[('music', 'too heavy', 'negative')]","[('music', 'heavy', 'negative')]"
132,"[('service', 'excellent', 'positive'), ('service', 'informative', 'positive')]","[('service', 'excellent', 'positive'), ('service', 'informative', 'positive')]"
133,"[('sushi', 'fresh', 'positive'), ('sushi', 'yummy', 'positive'), ('menu', 'varied', 'positive')]","[('sushi', 'fresh', 'positive'), ('sushi', 'yummy', 'positive'), ('menu', 'varied', 'positive')]"
134,"[('food', 'great', 'positive'), ('sushi', 'good', 'positive'), ('cooked food', 'amazed', 'positive')]","[('food', 'great', 'positive'), ('sushi', 'good', 'positive'), ('cooked food', 'amazed', 'positive')]"
135,"[('dinner specials', 'fantastic', 'positive')]","[('dinner specials', 'fantastic', 'positive')]"
136,"[('food', 'Great', 'positive'), ('drinks', 'great', 'positive'), ('dining atmosphere', 'nice', 'positive')]","[('food', 'Great', 'positive'), ('drinks', 'great', 'positive'), ('dining atmosphere', 'nice', 'positive')]"
137,"[('Food portion', 'SMALL', 'negative'), ('Food portion', 'below average', 'negative')]","[('Food portion', 'SMALL', 'negative'), ('Food portion', 'below average', 'negative')]"
138,"[('chairs', 'comfortable', 'positive')]","[('seats', 'comfortable', 'positive')]"
139,"[('Tacos Pastor', 'favs', 'positive'), ('Tostada de Tinga', 'favs', 'positive')]","[('Tacos Pastor', 'fav', 'positive')]"
140,"[('bartenders', 'nice', 'positive'), ('managers', 'nice', 'positive'), ('decor', 'comfy', 'positive'), ('decor', 'laid-back', 'positive')]","[('bartenders', 'nice', 'positive'), ('managers', 'nice', 'positive'), ('decor', 'comfy', 'positive'), ('decor', 'laid-back', 'positive'), ('decor', 'trendy', 'positive')]"
141,"[('hot and sour soup', 'try', 'positive'), ('soup and sandwich meal', 'savory', 'positive')]","[('soup', 'savory', 'positive'), ('soup', 'hot', 'positive'), ('soup', 'sour', 'positive'), ('take', 'savory', 'positive')]"
142,"[('drinks', 'great', 'positive'), ('atmosphere', 'cool', 'positive'), ('service', 'excellent', 'positive'), ('food', 'delicious', 'positive')]","[('drinks', 'great', 'positive'), ('atmosphere', 'cool', 'positive'), ('service', 'excellent', 'positive'), ('food', 'delicious', 'positive')]"
143,"[('chick peas with shrimp ( appetizer )', 'divine', 'positive')]","[('chicken peas with shrimp ( appetizer )', 'divine', 'positive')]"
144,"[('service', 'bad', 'negative')]","[('service', 'bad', 'negative'), ('smirks', 'obnoxious', 'negative'), ('back talk', 'snotty', 'negative')]"
145,"[('lamb', 'perfectly cooked', 'positive'), ('lamb', 'awesome', 'positive')]","[('lamb', 'perfectly cooked', 'positive'), ('lamb', 'awesome', 'positive')]"
146,"[('soft shell crab sandwich with fries', 'like', 'positive')]","[('crab sandwich with fries', 'like', 'positive')]"
147,"[('hong kong-style food', 'authentic', 'positive')]","[('food', 'authentic', 'positive')]"
148,"[('food', 'good', 'positive'), ('wine', 'good', 'positive')]","[('food', 'good', 'positive'), ('wine', 'good', 'positive')]"
149,"[('staff', 'friendly', 'positive'), ('staff', 'pleasant', 'positive')]","[('staff', 'friendly', 'positive'), ('staff', 'pleasant', 'positive')]"
150,"[('kitchen food', 'delicious', 'positive'), ('Sushi', 'out of this world', 'positive')]","[('kitchen food', 'delicious', 'positive'), ('Sushi', 'out of this world', 'positive')]"
151,"[('service', 'excellent', 'positive'), ('waitresses', 'cute', 'positive'), ('atmosphere', 'lush', 'positive')]","[('waitresses', 'cute', 'positive'), ('atmosphere', 'lush', 'positive')]"
152,"[('italian food', 'traditional', 'positive'), ('italian food', 'simple', 'positive')]","[('italian food', 'traditional', 'positive'), ('italian food', 'simple', 'positive')]"
153,"[('food', 'good', 'positive'), ('rolls', 'excellent', 'positive')]","[('food', 'good', 'positive'), ('rolls', 'excellent', 'positive'), ('sushi/sashimi', 'not quite on the same level', 'negative')]"
154,"[('sashimi', 'thinly', 'negative')]","[('sashimi', 'thinly', 'neutral')]"
155,"[('hot dogs', 'great', 'positive'), ('breakfast sandwiches', 'wonderful', 'positive'), ('tator tots', 'great', 'positive'), ('English muffins', 'great', 'positive'), ('pork product', 'delicious', 'positive')]","[('hot dogs', 'great', 'positive'), ('breakfast sandwiches', 'wonderful', 'positive'), ('tator tots', 'delicious', 'positive'), ('English muffins', 'delicious', 'positive'), ('tator tots', 'delicious', 'positive'), ('', '', '')]"
156,"[('manager', 'graceless', 'negative'), ('bartender', 'rude', 'negative'), ('drinks', 'waiting', 'neutral'), ('waiting', 'rude', 'negative')]","[('manager', 'graceless', 'negative'), ('bartender', 'rude', 'negative')]"
157,"[('service', 'great', 'positive'), ('atmosphere', 'romantic', 'positive'), ('atmosphere', 'comfortable', 'positive')]","[('service', 'great', 'positive'), ('table', 'easy', 'positive'), ('atmosphere', 'romantic', 'positive'), ('atmosphere', 'comfortable', 'positive')]"
158,"[('green chillis', 'not edible', 'negative'), ('dish', 'edible', 'negative')]","[('green chillis', 'blazing', 'negative')]"
159,"[('service', 'worst', 'negative'), ('food', 'below average', 'negative')]","[('service', 'worst', 'negative'), ('food', 'below average', 'negative')]"
160,"[('fresh juice concoctions', 'fresh', 'positive')]","[('juice concoctions', 'fresh', 'positive')]"
161,"[('food', 'great', 'positive'), ('prices', 'reasonable', 'positive')]","[('food', 'great', 'positive'), ('prices', 'reasonable', 'positive')]"
162,"[('place', 'clean', 'positive'), ('soul food', 'like', 'positive')]","[('place', 'clean', 'positive')]"
163,"[('chicken with avocado', 'good', 'positive'), ('tuna', 'good', 'positive')]","[('chicken', 'good', 'positive'), ('tuna', 'good', 'positive')]"
164,"[('meals', 'terrible', 'negative')]","[('meals', 'terrible', 'negative')]"
165,"[('chicken', 'dried out', 'negative'), ('sauce', 'not very flavorful', 'negative')]","[('chicken', 'dried out', 'negative'), ('sauce', 'not very flavorful', 'negative')]"
166,"[('Malted Milk Ball Gelato', 'wonderful', 'positive')]","[('Malted Milk Ball Gelato', 'ridiculously wonderful', 'positive')]"
167,"[('meal', 'terrible', 'negative')]","[('money', 'too much', 'negative'), ('meal', 'terrible', 'negative')]"
168,"[('service', 'horrible', 'negative')]","[('service', 'horrible', 'negative')]"
169,"[('bar service', 'slow', 'negative')]","[('bar service', 'slow', 'negative')]"
170,"[('Dessert', 'die for', 'positive')]","[('Dessert', 'die for', 'positive')]"
171,"[('service', 'good', 'positive')]","[('service', 'good', 'positive')]"
172,"[('lighting', 'unattractive', 'negative'), ('food', 'overpriced', 'negative'), ('disco pop duo', 'awful', 'negative')]","[('lighting', 'unattractive', 'negative'), ('food', 'overpriced', 'negative'), ('disco pop duo', 'awful', 'negative')]"
173,"[('place', 'cozy', 'positive')]","[('place', 'cozy', 'positive')]"
174,"[('service', 'great', 'positive')]","[('service', 'great', 'positive'), ('owner', 'enjoy', 'positive')]"
175,"[('food', 'delicious', 'positive'), ('food', 'recommended', 'positive')]","[('food', 'delicious', 'positive'), ('food', 'recommended', 'positive')]"
176,"[('meal', 'filling', 'positive'), ('meal', 'healthy', 'positive')]","[('meal', 'filling', 'positive'), ('meal', 'healthy', 'positive')]"
177,"[('food', 'fussy', 'neutral')]","[('food', 'fussy', 'negative')]"
178,"[('service', 'outstanding', 'positive')]","[('service', 'outstanding', 'positive')]"
179,"[('pizza', 'enjoy', 'positive')]","[('pizza', 'enjoy', 'positive')]"
180,"[('service', 'good', 'positive')]","[('service', 'good', 'positive')]"
181,"[('chicken', 'great', 'positive')]","[('chicken', 'great', 'positive')]"
182,"[('food', 'great', 'positive')]","[('food', 'great', 'positive')]"
183,"[('host ( owner )', 'personable', 'positive'), ('host ( owner )', 'caring', 'positive'), ('servers', 'personable', 'positive'), ('servers', 'caring', 'positive')]","[('host', 'personable', 'positive'), ('host', 'caring', 'positive')]"
184,"[('hostess', 'kind', 'positive'), ('hostess', 'gracious', 'positive')]","[('hostess', 'kind', 'positive'), ('hostess', 'gracious', 'positive'), ('food', 'good', 'positive'), ('atmosphere', 'kind', 'positive')]"
185,"[('food', 'good', 'positive'), ('service', 'great', 'positive')]","[('food', 'good', 'positive'), ('service', 'great', 'positive')]"
186,"[('dining experience', 'miserable', 'negative')]","[('dining experience', 'miserable', 'negative')]"
187,"[('Indian food', 'best', 'positive')]","[('Indian food', 'best', 'positive')]"
188,"[('waiters', 'friendly', 'positive'), ('waiters', 'helpful', 'positive')]","[('waiters', 'friendly', 'positive'), ('waiters', 'helpful', 'positive'), ('waiters', 'frequent', 'positive')]"
189,"[('interior', 'charming', 'positive'), ('service', 'friendly', 'positive'), ('service', 'attentive', 'positive')]","[('interior', 'charming', 'positive'), ('service', 'attentive', 'positive')]"
190,"[('food', 'creative', 'positive'), ('decor', 'creative', 'positive')]","[('food', 'creative', 'positive'), ('decor', 'creative', 'positive')]"
191,"[('menu', 'great', 'positive'), ('selection', 'good', 'positive')]","[('menu', 'great', 'positive'), ('selection', 'good', 'positive')]"
192,"[('sauce', 'zesty', 'positive'), ('sauce', 'flavorful', 'positive'), ('crust', 'nice', 'positive'), ('crust', 'crispy', 'positive')]","[('sauce', 'zesty', 'positive'), ('sauce', 'flavorful', 'positive'), ('crust', 'nice', 'positive'), ('crust', 'crispy', 'positive')]"
193,"[('sushi', 'best', 'positive')]","[('sushi', 'best', 'positive')]"
194,"[('selection', 'excellent', 'positive'), ('rolls with crab', 'great', 'positive')]","[('selection', 'excellent', 'positive'), ('rolls with crab', 'great', 'positive')]"
195,"[('host', 'helpful', 'positive'), ('bartender', 'helpful', 'positive'), ('servers', 'helpful', 'positive')]","[('host', 'helpful', 'positive'), ('bartender', 'helpful', 'positive'), ('servers', 'helpful', 'positive')]"
196,"[('food', 'fantastic', 'positive')]","[('food', 'fantastic', 'positive')]"
197,"[('potato spinach gnocchi', 'Favourites', 'positive'), ('lamb', 'Favourites', 'positive')]","[('lamb', 'favourite', 'positive'), ('potato spinach gnocchi', 'potato', 'positive')]"
198,"[('sandwiches', 'star', 'positive')]","[('sandwiches', 'star', 'positive')]"
199,"[('port', 'quality', 'positive'), ('Portuguese cheese cart', 'perfect', 'positive')]","[('Portuguese cart', 'skillfully chosen', 'positive'), ('port', 'quality', 'positive')]"
200,"[('blueberry pancakes', 'wonderful', 'positive')]","[('blueberry pancakes', 'wonderful', 'positive')]"
201,"[('food', 'happy', 'positive'), ('bill', 'thrilled', 'positive')]","[('food', 'happy', 'positive'), ('bill', 'thrilled', 'positive')]"
202,"[('toppings', 'fresh', 'positive'), ('crust', 'perfect', 'positive')]","[('toppings', 'fresh', 'positive'), ('crust', 'perfect', 'positive')]"
203,"[('service', 'amazing', 'positive'), ('food', 'love', 'positive')]","[('service', 'amazing', 'positive'), ('food', 'love', 'positive')]"
204,"[('waitstaff', 'solicitous', 'positive'), ('waitstaff', 'friendly', 'positive'), ('food', 'wonderful', 'positive')]","[('waitstaff', 'solicitous', 'positive'), ('waitstaff', 'friendly', 'positive'), ('food', 'wonderful', 'positive'), ('food', 'creative', 'positive')]"
205,"[('lobster ravioli', 'love', 'positive')]","[('lobster ravioli', 'love', 'positive')]"
206,"[('meal', 'enjoyed', 'positive')]","[('meal', 'enjoyed', 'positive')]"
207,"[('Service', 'excellent', 'positive'), ('wait', 'no', 'positive')]","[('Service', 'excellent', 'positive'), ('wait', 'no', 'positive')]"
208,"[('food', ""isn't cheap"", 'negative')]","[('food', 'cheap', 'negative')]"
209,"[('Coffee', 'better', 'positive'), ('Cosi sandwiches', 'overpriced', 'negative')]","[('Coffee', 'better', 'positive')]"
210,"[('prices', 'modest', 'positive')]","[('prices', 'modest', 'positive')]"
211,"[('food', 'good', 'positive'), ('food', 'popular', 'positive'), ('waiting', 'nightmare', 'negative')]","[('food', 'good', 'positive'), ('food', 'popular', 'positive'), ('waiting', 'nightmare', 'negative')]"
212,"[('ambience', 'great', 'positive')]","[('place', 'great ambience', 'positive')]"
213,"[('food', 'plenty', 'positive')]","[('food', 'plenty', 'positive')]"
214,"[('crust', 'dry', 'negative'), ('crust', 'burnt', 'negative')]","[('crust', 'dry', 'negative'), ('crust', 'cold', 'negative')]"
215,"[('food', 'good', 'positive')]","[('food', 'good', 'positive')]"
216,"[('cake', 'Average', 'negative')]","[('cake', 'Average', 'neutral')]"
217,"[('dinner', 'wonderful', 'neutral')]","[('dinner', 'wonderful', 'neutral')]"
218,"[('SERVICE', 'PERFECT', 'positive')]","[('SERVICE', 'PERFECT', 'positive')]"
219,"[('Delmonico steak', 'not cooked', 'negative')]","[('Delmonico steak', 'not cooked', 'negative')]"
220,"[('service', 'fast', 'positive'), ('service', 'friendly', 'positive'), ('value', 'great', 'positive')]","[('service', 'fast', 'positive'), ('service', 'friendly', 'positive'), ('value', 'great', 'positive')]"
221,"[('food', 'impressed', 'positive'), ('value', 'impressed', 'positive')]","[('food', 'impressed', 'positive'), ('value', 'impressed', 'positive')]"
222,"[('garlic soup', 'try', 'positive')]","[('garlic soup', 'try', 'positive')]"
223,"[('falafel', 'delicious', 'positive'), ('tabouleh', 'delicious', 'positive'), ('humus', 'delicious', 'positive'), ('Mediterranean delights', 'delicious', 'positive'), ('Mediterranean delights', 'inexpensive', 'positive')]","[('falafel', 'delicious', 'positive'), ('tabouleh', 'delicious', 'positive'), ('humus', 'delicious', 'positive'), ('humus', 'inexpensive', 'positive'), ('tabla', 'inexpensive', 'positive'), ('tabla', 'inexpensive', 'positive'), ('tabla', 'inexpensive', 'positive'), ('tabla', 'inexpensive', 'positive'), ('tabla', 'inexpensive', 'positive'), ('tabla', 'inexpensive', 'positive'), ('tabla', 'inexpensive', 'positive'), ('tabla', 'inexpensive', 'positive'), ('', '', '')]"
224,"[(""pizza's"", 'fresh', 'positive'), (""pizza's"", 'crispy', 'positive'), (""pizza's"", 'ready to serve', 'positive')]","[(""pizza's"", 'fresh', 'positive'), (""pizza's"", 'crispy', 'positive'), (""pizza's"", 'ready', 'positive')]"
225,"[('Staff', 'accomodating', 'positive')]","[('Staff', 'accomodating', 'positive')]"
226,"[('sushi', 'fresh', 'positive'), ('priced', 'Reasonably', 'positive')]","[('sushi', 'fresh', 'positive')]"
227,"[('apetizers', 'good', 'positive'), ('Sangria', 'good', 'positive')]","[('apetizers', 'good', 'positive'), ('Sangria', 'good', 'positive')]"
228,"[('service', 'prompt', 'positive'), ('server', 'friendly', 'positive')]","[('service', 'prompt', 'positive'), ('server', 'friendly', 'positive')]"
229,"[('staff', 'warmly', 'positive'), ('food', 'excellent', 'positive')]","[('staff', 'warmly', 'positive'), ('food', 'excellent', 'positive')]"
230,"[('Service', 'good', 'positive')]","[('Service', 'good', 'positive')]"
231,"[('Host', 'rude', 'negative'), ('Hostess', 'rude', 'negative')]","[('Host and Hostess', 'rude', 'negative')]"
232,"[('wait staff', 'friendly', 'positive'), ('meal', 'great', 'positive')]","[('wait staff', 'friendly', 'positive'), ('meal', 'great', 'positive')]"
233,"[('salmon dishes', 'recommend', 'positive')]","[('salmon dishes', 'recommend', 'positive')]"
234,"[('foie gras', 'sweet', 'positive'), ('foie gras', 'luscious', 'positive')]","[('foie gras', 'sweet', 'positive'), ('foie gras', 'luscious', 'positive')]"
235,"[('menu', 'changes', 'neutral')]","[('menu', 'regional', 'positive'), ('menu', 'international', 'positive')]"
236,"[('mac cheese', 'YUMMY', 'positive')]","[('mac cheese', 'YUMMY', 'positive')]"
237,"[('jazz singer', 'nice', 'positive')]","[('jazz singer', 'nice', 'positive')]"
238,"[('service', 'quick', 'positive'), ('service', 'great', 'positive')]","[('service', 'quick', 'positive'), ('service', 'great', 'positive')]"
239,"[('food', 'average', 'neutral'), ('breakfast food', 'average', 'neutral'), ('soups', 'average', 'neutral'), ('salads', 'average', 'neutral'), ('sandwiches', 'average', 'neutral')]","[('food', 'average', 'neutral'), ('breakfast food', 'average', 'neutral'), ('soups', 'average', 'neutral'), ('salads', 'average', 'neutral'), ('sandwiches', 'average', 'neutral')]"
240,"[('FOOD', 'DISAPPOINTED', 'negative')]","[('FOOD', 'DISAPPOINTED', 'negative')]"
241,"[('CRABCAKES', 'OVER SALTED', 'negative'), ('MAC AND CHEESE', 'GREASY', 'negative')]","[('CRABCAKES', 'OVER SALTED', 'negative'), ('CHEESE', 'GREASY', 'negative')]"
242,"[('staff', 'arrogant', 'negative'), ('prices', 'high', 'negative')]","[('staff', 'arrogant', 'negative'), ('prices', 'high', 'negative')]"
243,"[('service', 'prompt friendly', 'positive')]","[('service', 'prompt friendly', 'positive')]"
244,"[('food', 'hot spot', 'positive')]","[('food', 'hot', 'positive')]"
245,"[('downstairs bar scene', 'cool', 'positive'), ('downstairs bar scene', 'chill', 'positive')]","[('bar scene', 'cool', 'positive'), ('bar scene', 'chill', 'positive')]"
246,"[('food', 'good', 'positive')]","[('food', 'good', 'positive'), ('price', ""couldn't justify"", 'negative'), ('drinks', 'good', 'neutral'), ('person', ""couldn't justify"", 'neutral')]"
247,"[('Tequila', 'not be disappointed', 'positive')]","[('Tequila', 'disappointed', 'positive')]"
248,"[('beer selection', 'Great', 'positive'), ('beers', 'Great', 'neutral')]","[('beer selection', 'Great', 'positive')]"
249,"[('delivary', 'wary', 'negative')]","[('delivary', 'be wary', 'negative')]"
250,"[('food', 'good', 'positive'), ('food', 'much less expensive', 'positive'), ('owner', 'good', 'positive')]","[('food', 'good', 'positive'), ('food', 'less expensive', 'positive')]"
251,"[('gnocchi', 'recommend', 'positive'), ('gnocchi', 'yum', 'positive')]","[('homemade pastas of all kinds', 'recommend', 'positive'), ('gnocchi', 'recommend', 'positive')]"
252,"[('vegetable risotto', 'burnt', 'negative'), ('flavor', 'burnt', 'negative')]","[('vegetable risotto', 'burnt', 'negative'), ('flavor', 'burnt', 'negative')]"
253,"[('price', 'draw', 'positive')]","[('price', 'draw', 'positive')]"
254,"[('dinner', 'never disappointing', 'positive'), ('prices', 'over the top', 'negative')]","[('prices', 'over the top', 'negative')]"
255,"[('sandwiches', 'amazing', 'positive'), ('soup', 'amazing', 'positive'), ('pizza', 'amazing', 'positive'), ('homemade sorbets', 'out of this world', 'positive')]","[('sandwich', 'amazing', 'positive'), ('soups', 'amazing', 'positive'), ('pizza', 'amazing', 'positive'), ('sorbets', 'out of this world', 'positive')]"
256,"[('homemade Guacamole', 'unbelievable', 'positive'), ('homemade Guacamole', 'amazing', 'positive'), ('entree', 'unbelievable', 'positive'), ('deserts', 'amazing', 'positive')]","[('Guacamole', 'homemade', 'positive'), ('entree', 'unbelievable', 'positive'), ('desserts', 'amazing', 'positive')]"
257,"[('sushi', 'reasonably priced', 'positive'), ('sushi', 'fresh', 'positive'), ('priced', 'reasonably', 'positive')]","[('sushi', 'reasonably priced', 'positive'), ('sushi', 'fresh', 'positive'), ('priced', 'reasonably', 'positive')]"
258,"[('deserts', 'die for', 'positive')]","[('deserts', 'die for', 'positive')]"
259,"[('traditional Italian items', 'great', 'positive'), ('traditional Italian items', 'cheap', 'positive'), ('setting', 'cozy', 'positive')]","[('Italian items', 'great', 'positive'), ('Italian items', 'cheap', 'positive'), ('served', 'cozy', 'positive')]"
260,"[('service', 'slow', 'negative'), ('portions', 'small', 'negative')]","[('service', 'slow', 'negative'), ('portions', 'small', 'negative')]"
261,"[(""pizza's"", 'great', 'positive'), (""pizza's"", 'tasty', 'positive'), (""pizza's"", 'mouth watering', 'positive')]","[('pizzas', 'tasty', 'positive'), ('pizzas', 'mouth watering', 'positive')]"
262,"[('service', 'poor', 'negative'), ('food', 'below average', 'negative')]","[('service', 'poor', 'negative'), ('food', 'below average', 'negative')]"
263,"[('food', 'GREAT cheap', 'positive'), ('staff', 'friendly', 'positive')]","[('food', 'GREAT cheap', 'positive'), ('staff', 'friendly', 'positive')]"
264,"[('Chef', 'talent', 'positive')]","[('Chef Vincenzo', 'real talent', 'positive'), ('Roman', 'real', 'positive')]"
265,"[('Indian food', 'great', 'positive'), ('service', 'good', 'positive')]","[('Indian food', 'great', 'positive'), ('service', 'good', 'positive')]"
266,"[('Odessa stew', 'good', 'positive'), ('Rabbit stew', 'good', 'positive'), ('salads', 'good', 'positive'), ('kompot', 'refreshing', 'positive')]","[('Odessa stew', 'try', 'positive'), ('', '', ''), ('salads', 'good', 'positive'), ('kompot', 'refreshing', 'positive')]"
267,"[('lunch', 'healthy', 'positive')]","[('lunch', 'healthy', 'positive')]"
268,"[('quality of the meat', 'on par', 'negative')]","[('quality of the meat', 'on par', 'neutral')]"
269,"[('black roasted codfish', 'recommend', 'positive'), ('black roasted codfish', 'best', 'positive'), ('dish', 'best', 'positive')]","[('black roasted codfish', 'recommend', 'positive'), ('dish', 'best', 'positive')]"
270,"[('waiter', 'annoyed', 'negative')]","[('waiter', 'annoyed', 'negative'), ('restorant', 'annoyed', 'negative')]"
271,"[('taste', 'microwave', 'negative'), ('chicken', 'dark', 'negative')]","[('dark chicken', 'nothing but', 'negative')]"
272,"[('reservation', 'recommend', 'neutral')]","[('reservation', 'recommend', 'neutral')]"
273,"[('brunch', 'impressed', 'neutral')]","[('brunch', 'impressed', 'positive')]"
274,"[('sushi', 'OK', 'neutral')]","[('nikki sushi', 'OK', 'neutral')]"
275,"[('food', 'outstanding', 'positive'), ('served', 'quickly', 'positive')]","[('food', 'outstanding', 'positive'), ('served', 'quickly', 'positive')]"
276,"[('food', 'delicious', 'positive'), ('bar', 'great', 'positive'), ('vibe', 'great', 'positive')]","[('food', 'delicious', 'positive'), ('bar', 'great', 'positive')]"
277,"[('food', 'Simple healthy unglamorous', 'positive'), ('food', 'cheap', 'positive')]","[('food', 'Simple healthy', 'positive'), ('food', 'cheap', 'positive')]"
278,"[('dining experience', 'fantastic', 'positive')]","[('dining experience', 'fantastic', 'positive')]"
279,"[('food', 'good', 'positive'), ('service', 'quick', 'positive'), ('service', 'attentative', 'positive'), ('service', 'busy', 'positive')]","[('food', 'good', 'positive'), ('service', 'quick', 'positive'), ('service', 'attentative', 'positive'), ('service', 'busy', 'positive')]"
280,"[('place', 'adorable', 'positive'), ('food', 'delicious', 'positive')]","[('place', 'adorable', 'positive'), ('food', 'delicious', 'positive')]"
281,"[('Japanese food', 'better', 'negative')]","[('Japanese food', 'better', 'positive')]"
282,"[('staff members', 'friendly', 'positive')]","[('staff members', 'friendly', 'positive'), ('drink', 'replaced', 'negative')]"
283,"[('atmosphere', 'Cool', 'positive')]","[('atmosphere', 'Cool', 'positive'), ('', '', '')]"
284,"[('Sashimi portion', 'big', 'positive'), ('artifical lobster meat', ""didn't like"", 'negative'), ('artifical lobster meat', 'artifical', 'negative')]","[('Sashimi portion', 'big', 'positive'), ('artifical lobster meat', ""didn't like"", 'negative')]"
285,"[('ingredients', 'fresh', 'positive'), ('ingredients', 'yummy', 'positive')]","[('wheat crusted pizza', 'fresh', 'positive'), ('wheat crusted pizza', 'yummy', 'positive')]"
286,"[('dinner', 'lovely', 'positive'), ('food', 'well-prepared and -presented', 'positive'), ('service', 'pleasant', 'positive'), ('service', 'prompt', 'positive')]","[('dinner', 'lovely', 'positive'), ('food', 'well-prepared', 'positive'), ('food', 'presented', 'positive'), ('service', 'pleasant', 'positive'), ('service', 'prompt', 'positive')]"
287,"[('cake', 'fluffy', 'positive'), ('cake', 'not ultra sweet', 'positive'), ('cake', 'creamy', 'positive'), ('cake', 'light', 'positive')]","[('icing', 'fluffy', 'negative'), ('icing', 'creamy', 'positive'), ('icing', 'light', 'neutral')]"
288,"[('staff', 'harried', 'negative'), ('slices', 'expensive', 'negative')]","[('slices', 'expensive', 'negative')]"
289,"[('wait staff', 'ignored', 'negative')]","[('wait staff', 'ignored', 'negative')]"
290,"[('wine list', 'extensive', 'positive'), ('priced', 'well', 'positive')]","[('wine list', 'extensive', 'positive'), ('priced', 'well', 'positive')]"
291,"[('salads', 'fresh', 'positive'), ('salads', 'tasty', 'positive')]","[('salads', 'fresh', 'positive'), ('salads', 'tasty', 'positive')]"
292,"[('bathroom', 'adorable', 'positive')]","[('bathroom', 'adorable', 'positive')]"
293,"[('delivers', 'Speedy', 'positive'), ('food', 'great', 'positive'), ('prices', 'decent', 'positive'), ('service', 'friendly', 'positive'), ('repast', 'enjoyable', 'positive')]","[('food', 'great', 'positive'), ('prices', 'decent', 'positive'), ('service', 'friendly', 'positive'), ('mealst', 'enjoyable', 'positive')]"
294,"[('ITALIAN MEAL', 'AUTHENTIC', 'neutral')]","[('ITALIAN MEAL', 'AUTHENTIC', 'positive')]"
295,"[('pizza', 'worth the wait', 'positive')]","[('wait', 'worth', 'positive')]"
296,"[('steak', 'simple medium rare', 'neutral')]","[('steak', 'simple', 'neutral')]"
297,"[('organic grilled burgers', 'Generously garnished', 'positive'), ('organic grilled burgers', 'popular', 'positive'), ('dish', 'popular', 'positive'), ('Jerusalem market-style falafel wraps', 'equally scrumptious', 'positive')]","[('organic grilled burgers', 'popular', 'positive'), ('falafel wraps', 'scrumptious', 'positive'), ('goat cheese', 'scrumptious', 'positive'), ('walnuts', 'scrumptious', 'positive'), ('salads', 'popular', 'positive'), ('salads', 'layered', 'positive'), ('seafoods', 'scrumptious', 'positive'), ('seafoods', 'layered', 'positive'), ('', '', '')]"
298,"[('dining experience', 'worst', 'negative')]","[('waiter', 'former', 'negative')]"
299,"[('texture', 'Great', 'positive'), ('texture', 'soft', 'positive'), ('texture', 'velvety', 'positive'), ('hint of cocoa', 'nice', 'positive')]","[('red velvet', 'Great texture', 'positive'), ('red velvet', 'soft', 'positive'), ('', '', ''), ('cocoa', 'nice', 'positive')]"
300,"[('flavor', 'full', 'positive'), ('twist on pizza', 'healthy', 'positive')]","[('toast on pizza', 'healthy', 'positive'), ('toast on pizza', 'full', 'positive')]"
301,"[('AC', 'lack', 'negative')]","[('AC', 'lack', 'negative'), ('body', 'turn', 'neutral')]"
302,"[('service', 'RUDE', 'negative'), ('sales people', 'RUDE', 'negative')]","[('service', 'RUDE', 'negative')]"
303,"[('location', 'convenient', 'negative')]","[('location', 'convenient', 'negative'), ('location', 'hidden treasure', 'negative')]"
304,"[('food', 'simple', 'positive'), ('food', 'satisfying', 'positive')]","[('food', 'simple', 'positive'), ('food', 'satisfying', 'positive'), ('deep-fried', 'simple', 'positive'), ('deep-fried', 'satisfying', 'positive')]"
305,"[('food', 'GREAT', 'positive')]","[('food', 'GREAT', 'positive')]"
306,"[('food', 'excellent', 'positive'), ('Italian cuisine', 'authentic', 'positive'), ('Italian cuisine', 'fresh', 'positive')]","[('food', 'excellent', 'positive'), ('Italian cuisine', 'authentic', 'positive'), ('Italian cuisine', 'fresh', 'positive')]"
307,"[('atmoshere', 'changes', 'positive')]","[('atmoshere', 'changes', 'positive')]"
308,"[('place', 'not-crowded', 'positive'), ('food', 'great', 'positive'), ('service', 'great', 'positive')]","[('food', 'great', 'positive'), ('service', 'great', 'positive')]"
309,"[('coffee', 'better', 'positive')]","[('coffee', 'better', 'positive')]"
310,"[('wine list', 'disappointing', 'negative')]","[('wine list', 'disappointing', 'negative'), ('', '', '')]"
311,"[('priced', 'high', 'negative'), ('food', 'nasty high priced', 'negative')]","[('food', 'nasty high priced', 'negative'), ('food', 'cheap', 'positive'), ('ghetto scenery', 'cheap', 'positive')]"
312,"[('new hamburger with special sauce', 'ok', 'positive'), ('big mac', 'better than', 'negative')]","[('burger with special sauce', 'ok', 'positive')]"
313,"[('pasta', 'Perfectly', 'positive'), ('sauce', 'not drowned in', 'neutral'), ('portions', 'generous', 'positive')]","[('pasta', 'perfect', 'positive'), ('sauced', 'generous', 'positive')]"
314,"[('Service', 'awful', 'negative'), ('staff', 'overwhelmed', 'negative')]","[('Service', 'awful', 'negative'), ('staff', 'overwhelmed', 'negative')]"
315,"[('owners', 'good', 'positive')]","[('owners', 'good', 'positive'), ('place', 'keeper', 'positive')]"
316,"[('owner', 'lovely', 'positive'), ('owner', 'friendly', 'positive')]","[('owner', 'lovely', 'positive'), ('owner', 'friendly', 'positive')]"
317,"[('place', 'wonderfully warm welcoming', 'positive')]","[('place', 'warm welcoming', 'positive')]"
318,"[('meal', 'perfect', 'positive'), ('meal', 'quick', 'positive')]","[('meal', 'quick', 'neutral')]"
319,"[('place', 'great', 'positive')]","[('place', 'great', 'positive')]"
320,"[('service', 'great', 'positive')]","[('service', 'great', 'positive')]"
321,"[('food', 'authentic', 'positive')]","[('staff', '100 %', 'positive'), ('food', 'authentic', 'positive')]"
322,"[('fortune cookies', 'complaint', 'negative')]","[(' fortune cookies', 'complaint', 'negative')]"
323,"[('sushi lunch', 'Good', 'positive'), ('sushi lunch', 'quick', 'positive')]","[('sushi lunch', 'quick', 'positive')]"
324,"[('service', 'dreadfully slow', 'negative')]","[('service', 'slow', 'negative'), ('place', 'full', 'negative')]"
325,"[('meal', 'excellent', 'positive')]","[('meal', 'excellent', 'positive'), ('braised lamb shank with mashed potatoes', 'excellent', 'positive')]"
326,"[('fried pork dumplings', 'reccomend', 'positive'), ('orange chicken/beef', 'reccomend', 'positive'), ('fried rice', 'reccomend', 'positive')]","[('fried pork dumplings', 'reccomend', 'positive'), ('orange chicken/beef', 'reccomend', 'positive'), ('fried rice', 'reccomend', 'positive')]"
327,"[('menu', 'not be dissapointed', 'positive')]","[('menu', 'not be dissapointed', 'positive')]"
328,"[('french fries -- with the kalmata dip', 'terrific', 'positive')]","[('french fries', 'terrific', 'positive'), ('kalmata dip', 'terrific', 'positive')]"
329,"[('boutique selection of wines', 'wide', 'neutral')]","[('whistle selection', 'wide', 'positive'), ('wine varieties', 'wide', 'positive')]"
330,"[('assortment of wraps', 'great', 'positive'), ('traditional Mediterranean fare', 'great', 'neutral')]","[('assortment of wraps', 'great', 'positive')]"
331,"[('Fresh veggies', 'Fresh', 'positive'), ('Fresh veggies', 'delicious', 'positive'), ('middle eastern spreads', 'delicious', 'positive'), ('cheese', 'delicious', 'positive'), ('falafel', 'delicious', 'positive'), ('soup', 'delicious', 'positive'), ('fish', 'delicious', 'positive'), ('rice', 'delicious', 'positive'), ('root vegetables', 'delicious', 'positive'), ('rice medley', 'delicious', 'positive'), ('spinach thing', 'delicious', 'positive'), ('lamb kebabs', 'delicious', 'positive'), ('', '', '')]","[('vegetables', 'Fresh', 'positive'), ('seafood', 'delicious', 'positive'), ('fish', 'delicious', 'positive'), ('root vegetables', 'delicious', 'positive'), ('rice', 'delicious', 'positive'), ('lamb kebabs', 'delicious', 'positive'), ('lamb kebabs', 'delicious', 'positive'), ('soup', 'delicious', 'neutral'), ('soup', 'delicious', 'neutral'), ('fish', 'delicious', 'neutral'), ('rice', 'soooo much', 'positive')]"
332,"[('Saketini', 'wonderful', 'positive'), ('bar menu', 'Disappointingly', 'negative')]","[('Saketini', 'wonderful', 'negative')]"
333,"[('martinis', 'exotic', 'positive')]","[('martinis', 'exotic', 'positive')]"
334,"[('happy hour', 'cheap', 'positive')]","[('happy hour', 'cheap', 'positive'), ('atmosphere', 'does not reflect', 'negative')]"
335,"[('waiter', 'brusquely', 'negative')]","[('waiter', 'brusquely', 'negative')]"
336,"[('quaility', 'above', 'positive'), ('atmosphere', 'above', 'positive')]","[('places', 'quaility', 'positive'), ('places', 'mediocre', 'positive')]"
337,"[('space', 'quick', 'negative'), ('space', 'tasty', 'negative'), ('prices', 'dirt-cheap', 'positive'), ('treats', 'tasty', 'positive')]","[('treats', 'quick', 'positive'), ('treats', 'tasty', 'positive'), ('prices', 'dirt-cheap', 'positive')]"
338,"[('menu', 'typical French', 'neutral'), ('menu', 'varied', 'neutral')]","[('menu', 'typical', 'positive'), ('menu', 'varied', 'positive')]"
339,"[('seats', 'lots', 'positive')]","[('seats', 'crowded', 'positive'), ('seats', 'nice', 'positive')]"
340,"[('food', 'top quality', 'positive'), ('attitude', 'positive', 'positive')]","[('food', 'top quality', 'positive')]"
341,"[('place', 'nice', 'positive'), ('service', 'excellent', 'positive')]","[('place', 'nice', 'positive'), ('service', 'excellent', 'positive')]"
342,"[('Food', 'excellent', 'positive'), ('price', 'good', 'positive')]","[('Quality', 'excellent', 'positive'), ('price', 'good', 'positive')]"
343,"[('burrito', 'gigantic', 'positive'), ('tacos', 'gigantic', 'positive')]","[('burrito', 'gigantic', 'positive'), ('tacos', 'gigantic', 'positive'), ('margarita', 'gigantic', 'positive'), ('dessert', 'gigantic', 'positive')]"
344,"[('space', 'traditional', 'neutral')]","[('space', 'traditional', 'positive')]"
345,"[('food', 'mediocre', 'negative'), ('interior', 'small', 'negative'), ('interior', 'average', 'negative'), ('owners', 'unpleasantries', 'negative'), ('owners', 'rude', 'negative'), ('owners', 'snotty', 'negative')]","[('food', 'mediocre', 'neutral'), ('owners', 'rude', 'negative'), ('owners', 'snotty', 'negative')]"
346,"[('service', 'Good', 'positive'), ('food', 'great', 'positive'), ('value', 'good', 'positive'), ('wait', 'never', 'positive')]","[('service', 'Good', 'positive'), ('food', 'great', 'positive'), ('value', 'good', 'positive')]"
347,"[('Egg McMuffin sandwich', 'available', 'neutral'), ('hot cakes', 'available', 'neutral')]","[('hot cakes', 'available', 'positive'), ('Egg McMuffin sandwich', 'available', 'positive')]"
348,"[('service', 'average', 'neutral'), ('food', 'inconsistant', 'negative')]","[('service', 'average', 'neutral'), ('food', 'inconsistent', 'negative')]"
349,"[('music', 'fascinating', 'positive'), ('bartender', 'superb', 'positive'), ('drinks', 'superb', 'positive')]","[('music', 'fascinating', 'positive'), ('bartender', 'superb', 'positive')]"
350,"[('ice drink', 'refreshing', 'positive')]","[('rice dishes', 'rarely', 'positive'), ('noodle dishes', 'refreshing', 'positive'), ('ice drink', 'refreshing', 'positive')]"
351,"[('dishes', 'Creative', 'positive'), ('king crab salad with passion fruit vinaigrette', 'Creative', 'positive'), ('fettuccine with grilled seafood in a rosemary-orange sauce', 'unexpected', 'positive'), ('bistro menu', 'unexpected', 'neutral')]","[('dishes', 'unexpected', 'positive'), ('king crab salad with passion fruit vinaigrette', 'unexpected', 'positive'), ('fettuccine with grilled seafood in a rosemary-orange sauce', 'unexpected', 'positive'), ('bistro menu', 'predictable', 'neutral')]"
352,"[('Dishes', 'tried-and-true', 'positive'), ('recipes', 'tried-and-true', 'positive'), ('macadamia-crusted mahi mahi', 'tried-and-true', 'positive'), ('sweet honey-mustard beef short ribs', 'tried-and-true', 'positive'), ('sweet honey-mustard beef short ribs', 'sweet', 'positive')]","[('recipes', 'tried-and-true', 'positive'), ('', '', ''), ('honey-mustard beef short ribs', 'subtly sweet', 'positive'), ('dishes', "" Roy's Classics,,,,,,,,,,,,,,,,,"", 'positiv')]"
353,"[('cold sesame noodles', 'delectable', 'positive')]","[('seafoods', 'delectable', 'positive')]"
354,"[('food', 'marginally so-so', 'negative')]","[('meal', 'great', 'neutral'), ('food', 'freezing', 'negative')]"
355,"[('fennel flavored Italian sausage', 'heavy', 'negative')]","[('lone argentine chorizo appetizer', 'heavy', 'positive'), ('Fennel flavored Italian sausage', 'heavy', 'positive')]"
356,"[('dinner', 'nice', 'positive')]","[('dinner', 'nice', 'neutral'), ('dinner', 'nothing amazing', 'neutral')]"
357,"[('delivery', 'prompt', 'positive'), ('value', 'good', 'positive')]","[('Chinese', 'Best', 'positive'), ('delivery', 'prompt', 'positive'), ('value', 'good', 'positive')]"
358,"[('sandwiches', 'good', 'positive')]","[('sandwiches', 'good', 'positive')]"
359,"[('hostess', 'rude', 'negative')]","[('hostess', 'rude', 'negative')]"
360,"[('dinner', 'awesome', 'positive')]","[('dinner', 'awesome', 'positive')]"
361,"[('food', 'authentic', 'positive'), ('staff', 'off-the-boat', 'positive'), ('staff', 'young', 'positive'), ('staff', 'hip', 'positive')]","[('food', 'authentic', 'positive'), ('staff', 'young', 'positive'), ('staff', 'hip', 'positive'), ('food', 'authentic', 'positive'), ('wine', 'authentic', 'positive')]"
362,"[('music', 'good', 'positive'), ('tapas', 'nice', 'positive'), ('selection of wines ( primarily Spanish )', 'interesting', 'positive'), ('clientele', 'lowkey hip', 'positive')]","[('music', 'good', 'positive'), ('tapas', 'nice', 'positive'), ('wine selection', 'interesting', 'positive')]"
363,"[('food', 'great', 'positive'), ('dumplings', 'love', 'positive'), ('cold sesame noodles', 'love', 'positive'), ('chicken', 'love', 'positive'), ('shrimp dishs', 'love', 'positive')]","[('food', 'great', 'positive'), ('dumplings', 'love', 'positive'), ('sease noodles', 'cold', 'positive'), ('chicken and shrimp dishes', 'great', 'positive'), ('dishes', 'love', 'positive')]"
364,"[('place', 'fun', 'positive')]","[('place', 'fun', 'positive')]"
365,"[('duck confitte', 'solid', 'positive')]","[(""gf's duck confitte"", 'solid', 'positive')]"
366,"[('wine list', 'superb', 'positive'), ('tapas', 'delightful', 'positive'), ('atmosphere', 'quiet', 'positive'), ('atmosphere', 'perfect', 'positive')]","[('wine list', 'superb', 'positive'), ('tapas', 'delightful', 'positive'), ('atmosphere', 'quiet', 'positive'), ('dances', 'perfect', 'positive')]"
367,"[('food', 'gourmet', 'positive')]","[('food', 'gourmet', 'positive'), ('food price', 'fast', 'positive')]"
368,"[('food', 'love', 'positive'), ('service', 'wonderful', 'positive'), ('prices', 'reasonable', 'positive')]","[('food', 'love', 'positive'), ('service', 'wonderful', 'positive'), ('prices', 'reasonable', 'positive')]"
369,"[('food', 'delicious', 'positive')]","[('food', 'delicious', 'positive')]"
370,"[('meal', 'great', 'positive')]","[('meal', 'great', 'positive')]"
371,"[('food', 'amazing', 'positive'), ('service', 'amazing', 'positive')]","[('food', 'amazing', 'positive'), ('service', 'amazing', 'positive')]"
372,"[('dinner menu', 'variety', 'positive'), ('dinner menu', 'great', 'positive'), ('entrees', 'great', 'positive'), ('seafood', 'fresh', 'positive'), ('steaks', 'huge', 'positive')]","[('seafood', 'fresh', 'positive'), ('steaks', 'huge', 'positive'), ('drink menu', 'great', 'positive'), ('food', 'fresh', 'neutral')]"
373,"[('menu', 'strangest', 'negative'), ('food', 'fancy', 'negative')]","[('menu', 'strangest', 'negative'), ('food', 'fancy', 'negative')]"
374,"[('appetizers', 'ok', 'neutral'), ('service', 'slow', 'negative')]","[('appetizers', 'ok', 'positive'), ('service', 'slow', 'negative')]"
375,"[('food', 'not worth', 'negative'), ('price', 'not worth', 'negative')]","[('food', 'not worth the price', 'negative')]"
376,"[('entree', 'wrong', 'neutral')]","[('waitress', 'rude', 'negative')]"
377,"[('prices', 'not terrible', 'positive')]","[('prices', 'not terrible', 'positive')]"
378,"[('halibut cheek appetizer', 'positive', 'neutral'), ('portion of foie gras', 'generous', 'positive')]","[('halibut cheek appetizer', 'generous', 'positive'), ('foie gras', 'generous', 'positive')]"
379,"[('Food', 'excellent', 'positive'), ('empenadas', 'excellent', 'positive'), ('plaintains', 'good', 'positive'), ('afternoon snack', 'good', 'positive')]","[('empenadas', 'good', 'positive'), ('plaintains', 'good', 'positive')]"
380,"[('pasta specials', 'amazing', 'positive'), ('appetizer', 'amazing', 'positive')]","[('appetizer', 'amazing', 'positive'), ('pasta specials', 'amazing', 'positive')]"
381,"[('Big Mac', 'favorites', 'positive'), ('Chicken McNuggets', 'favorites', 'positive'), ('Filet-O-Fish sandwich', 'favorites', 'positive'), (""McDonald's famous french fries"", 'favorites', 'positive'), ('entree-sized salads', 'lighter options', 'neutral')]","[('Big Mac', 'favorites', 'positive'), ('Chicken McNuggets', 'favorites', 'positive'), ('French fries', 'favorites', 'positive'), ('entree-sized salads', 'lighter', 'positive')]"
382,"[('pizza', 'go for', 'positive')]","[('pizza', 'basic', 'positive'), ('pizza', 'good', 'positive')]"
383,"[('Tables', 'close', 'negative')]","[('Tables', 'close', 'positive'), (' patrons', 'comfortable', 'positive')]"
384,"[('scene', 'great', 'positive')]","[('scene', 'great', 'positive')]"
385,"[('veggie burger', 'extraordinary', 'positive'), ('chickpeas', 'distinctive', 'positive'), ('carrots', 'distinctive', 'positive'), ('vegetables', 'distinctive', 'positive'), ('spices', 'distinctive', 'positive')]","[('vegetable burger', 'extraordinary', 'positive'), ('chickenpeas', 'distinctive', 'positive'), ('carrots', 'distinctive', 'positive'), ('spices', 'distinctive', 'positive')]"
386,"[('tables', 'uncomfortably close', 'negative')]","[('tables', 'uncomfortably close', 'negative')]"
387,"[('service', 'on point', 'positive')]","[('service', 'on point', 'positive')]"
388,"[('Menus', 'seasonal', 'neutral')]","[('menu picks', 'seasonal', 'positive'), ('sweet corn-foie gras brulee', 'sweet', 'positive')]"
389,"[('Carinthia cheese ravioli with wild mushrooms', 'simple', 'positive'), ('green spinach-vodka sauce', 'bright', 'positive')]","[('Innovations', 'assured', 'positive'), ('Carinthia cheese ravioli with wild mushrooms', 'simple', 'positive'), ('caviar-topped sturgeon', 'beautifully matched', 'positive'), ('spinach-vodka sauce', 'bright', 'positive')]"
390,"[('burgers', 'small', 'positive'), ('burgers', 'wimpy fast food type', 'positive'), ('patties', 'real', 'positive'), ('patties', 'full sized', 'positive')]","[('burgers', 'real', 'positive'), ('burgers', 'wimpy', 'positive'), ('pattys', 'real', 'positive'), ('food', 'full', 'positive')]"
391,"[('lunch', 'perfect', 'neutral'), ('delivery service', 'fast', 'positive')]","[('delivery service', 'fast', 'positive'), ('lunch', 'perfect', 'positive')]"
392,"[('quality', 'better', 'positive'), ('prices', 'cheaper', 'positive')]","[('quality', 'better', 'positive'), ('prices', 'cheaper', 'positive')]"
393,"[('specials', 'Go with', 'positive'), ('salmon', 'stay away', 'negative')]","[('salmon', 'Go', 'neutral')]"
394,"[('pastas', 'good', 'positive')]","[('pastas', 'good', 'positive')]"
395,"[('Atmosphere', 'bore', 'negative')]","[('Atmosphere', 'bore', 'negative')]"
396,"[('wait staff', 'attentive', 'positive'), ('wait staff', 'polite', 'positive')]","[('wait staff', 'attentive', 'positive'), ('wait staff', 'polite', 'positive')]"
397,"[('food', 'greater', 'positive')]","[('restaurant', 'Great', 'positive'), ('food', 'greater', 'positive')]"
398,"[('dishes', 'tasty', 'positive'), ('place', 'cozy', 'positive'), ('place', 'intimate', 'positive')]","[('dishes', 'tasty', 'positive'), ('place', 'cozy', 'positive'), ('place', 'intimate', 'positive')]"
399,"[('food', 'love', 'positive'), ('food', 'simplicity', 'positive'), ('food', 'respect', 'positive'), ('staff', 'love', 'positive'), ('staff', 'freindly', 'positive'), ('staff', 'knowledgable', 'positive')]","[('simplicity', 'love', 'positive'), ('food', 'respect', 'positive'), ('staff', 'freindly', 'positive'), ('staff', 'knowledgable', 'positive')]"
400,"[('Service', 'good', 'positive'), ('atmosphere', 'good', 'positive')]","[('Service', 'good', 'positive'), ('atmosphere', 'good', 'positive')]"
401,"[('Branzini', 'average', 'neutral'), ('fish', 'average', 'negative')]","[('Brazzini', 'average', 'neutral')]"
402,"[('food', 'good', 'positive'), ('service', 'prompt', 'positive'), ('price', 'reasonable', 'positive')]","[('food', 'good', 'positive'), ('service', 'prompt', 'positive'), ('price', 'reasonable', 'positive')]"
403,"[('menu', 'Wonderful', 'positive'), ('ambiance', 'warm inviting', 'positive'), ('service', 'great', 'positive')]","[('menu', 'Wonderful', 'positive'), ('ambiance', 'warm inviting', 'positive'), ('service', 'great', 'positive')]"
404,"[('food', 'Great', 'positive'), ('wine', 'good', 'positive'), ('host', 'excellent', 'positive')]","[('food', 'Great', 'positive'), ('wine', 'good', 'positive'), ('host', 'excellent', 'positive')]"
405,"[('Pizzas', 'excellent', 'positive')]","[('Pizzas', 'excellent', 'positive'), ('appetizers', 'excellent', 'positive'), ('main courses', 'excellent', 'positive')]"
406,"[('calamari', 'try', 'positive'), ('pasta', 'try', 'positive'), ('Sliced steak entree', 'try', 'positive')]","[('calamari', 'try', 'positive'), ('pasta', 'try', 'positive'), ('Sliced steak entree', 'try', 'positive')]"
407,"[('caeser salad', 'great', 'positive')]","[('ceser salad', 'great', 'positive')]"
408,"[('fried calamari', 'better', 'positive')]","[('fried calamari', 'better', 'positive')]"
409,"[('food', 'good', 'positive')]","[('food', 'good', 'positive')]"
410,"[('food', 'outstanding', 'positive'), ('service', 'tops', 'positive')]","[('food', 'outstanding', 'positive'), ('service', 'tops', 'positive')]"
411,"[('portions', 'large', 'positive'), ('service', 'fantastic', 'positive')]","[('portions', 'large', 'positive'), ('service', 'fantastic', 'positive')]"
412,"[('chicken milanese', 'recomend', 'positive')]","[('chicken milanese', 'recomend', 'positive')]"
413,"[('tapas', 'excellent', 'positive'), ('prices', 'great', 'positive')]","[('tapas', 'excellent', 'positive'), ('prices', 'great', 'positive'), ('tapas', 'romantic', 'positive'), ('prices', 'not overly crowed', 'positive')]"
414,"[('chocolate raspberry cake', 'heavenly', 'positive'), ('chocolate raspberry cake', 'not too sweet', 'positive'), ('chocolate raspberry cake', 'full of flavor', 'positive'), ('flavor', 'full', 'positive')]","[('chocolate raspberry cake', 'heavenly', 'positive'), ('flavor', 'full', 'positive')]"
415,"[('waiter', 'helpful', 'positive'), ('waiter', 'charming', 'positive'), ('food', 'perfect', 'positive'), ('wine', 'good', 'positive')]","[('waiter', 'helpful', 'positive'), ('waiter', 'charming', 'positive'), ('food', 'perfect', 'positive'), ('wine', 'good', 'positive')]"
416,"[('hot dogs', 'Best', 'positive')]","[('hot dogs', 'Best', 'positive')]"
417,"[('service', 'attentive', 'positive'), ('service', 'generous', 'positive')]","[('service', 'attentive', 'positive'), ('service', 'generous', 'positive')]"
418,"[('food', 'great', 'positive'), ('wine', 'great', 'positive'), ('desserts', 'great', 'positive')]","[('food', 'great', 'positive'), ('wine', 'great', 'positive'), ('desserts', 'great', 'positive')]"
419,"[('dining experience', 'Lovely', 'positive')]","[('dining experience', 'Lovely', 'positive')]"
420,"[('food', ""isn't very good"", 'negative'), ('service', 'terrible', 'negative')]","[('food', ""isn't very good"", 'negative'), ('service', 'terrible', 'negative')]"
421,"[('escargot', 'best', 'positive')]","[('escargot', 'best', 'positive'), ('toddler', 'best', 'positive')]"
422,"[('Deco', 'romantic', 'positive'), ('ambiance', 'romantic', 'positive')]","[('Deco', 'romantic', 'positive'), ('ambiance', 'romantic', 'positive')]"
423,"[('french food', 'greatest', 'positive')]","[('french food', 'greatest', 'positive')]"
424,"[('curry', 'enjoy', 'positive')]","[('curry', 'enjoy', 'positive')]"
425,"[('poori', 'GREAT', 'positive'), ('naan', 'GREAT', 'positive'), ('paratha', 'FRESH', 'positive')]","[('patron', 'GREAT', 'positive'), ('naan', 'GREAT', 'positive'), ('paratha', 'FRESH', 'positive')]"
426,"[('homemade breads', 'Try', 'positive')]","[('breads', 'Try', 'positive')]"
427,"[('sushi', 'beautiful', 'positive'), ('sushi', 'delicious CHEAP', 'positive')]","[('sushi', 'beautiful', 'positive'), ('sushi', 'delicious', 'positive')]"
428,"[('Korean dishes', 'affordable', 'positive'), ('Korean dishes', 'yummy', 'positive')]","[('Korean dishes', 'affordable', 'positive'), ('Korean dishes', 'yummy', 'positive')]"
429,"[('waiter', 'efficient', 'positive'), ('waiter', 'helpful', 'positive')]","[('waiter', 'efficient', 'positive'), ('waiter', 'courteous', 'positive'), ('waiter', 'helpful', 'positive')]"
430,"[('place', 'classy', 'positive'), ('place', 'chic', 'positive'), ('service', 'warm', 'positive'), ('service', 'hospitable', 'positive'), ('food', 'outstanding', 'positive')]","[('service', 'warm', 'positive'), ('service', 'hospitable', 'positive'), ('food', 'outstanding', 'positive')]"
431,"[('burgers', 'Great', 'positive'), ('grilled cheeses', 'Great', 'positive'), ('french fries', 'Great', 'positive')]","[('burgers', 'Great', 'positive'), ('grilled cheeses', 'Great', 'positive'), ('fries', 'Great', 'positive'), ('fries', 'great', 'positive')]"
432,"[('Yellowfin Tuna', 'favorites', 'positive'), (""Calf's liver"", 'favorites', 'positive')]","[('Yellowfin Tuna', 'favorites', 'positive'), (""Calf's liver"", 'favorites', 'positive')]"
433,"[('Sushi', 'fresh', 'positive')]","[('Sushi', 'fresh', 'positive')]"
434,"[('bill', 'big', 'negative')]","[('credit card', 'enough', 'negative')]"
435,"[('sushi', 'fresh', 'positive'), ('duck', 'try', 'positive')]","[('sushi', 'fresh', 'positive'), ('entrees', 'happy', 'positive'), ('duck', 'happy', 'positive')]"
436,"[('variety', 'good', 'positive')]","[('variety', 'good', 'positive'), ('', '', '')]"
437,"[('green beans', 'No', 'neutral'), ('egg', 'no', 'neutral'), ('anchovy dressing', 'no', 'neutral'), ('nicoise olives', 'no', 'neutral'), ('red onion', 'no', 'neutral')]","[('green beans', 'no', 'positive'), ('egg', 'no', 'positive'), ('anchovy dressing', 'no', 'positive'), ('red onion', 'no', 'positive')]"
438,"[('fries', 'Thick', 'neutral'), ('chocolate Frosty', 'cool', 'positive'), ('chocolate Frosty', 'ultra-thick', 'positive')]","[('fries', 'Thick', 'positive'), ('chicken', 'cool', 'positive'), ('salmon', 'ultra-thick', 'positive')]"
439,"[('roti canai appetizer', 'delectable', 'positive'), ('mango chicken', 'surprisingly sophisticated', 'positive'), ('mango chicken', 'fresh', 'positive')]","[('roti canai appetizer', 'delectable', 'positive'), ('', '', ''), ('mango chicken', 'sophisticated', 'positive'), ('handicap', 'fresh', 'positive')]"
440,"[('ground chickpea soup', 'thin', 'negative'), ('starter', 'thin', 'neutral')]","[('ground chickpea soup', 'thin', 'negative')]"
441,"[('service', 'below', 'negative'), ('bartenders', 'horrible', 'negative'), ('clientele', 'rowdy', 'negative'), ('clientele', 'loud-mouthed', 'negative'), ('staff', 'bad', 'negative')]","[('quality of food', 'below', 'negative'), ('bartenders', 'horrible', 'negative'), ('clientele', 'rowdy', 'negative'), ('clientele', 'loud-mouthed', 'negative')]"
442,"[('meal', 'great', 'positive')]","[('meal', 'great', 'positive')]"
443,"[('ambience', 'beautiful', 'positive'), ('food', 'excellent', 'positive'), ('catfish', 'delicious', 'positive'), ('catfish', 'salty', 'positive'), ('service', 'attentive', 'positive')]","[('catfish', 'delicious', 'positive'), ('service', 'attentive', 'positive')]"
444,"[('brisket', 'good', 'positive'), ('ribs', 'good', 'positive'), ('wings', 'good', 'positive'), ('cajun shrimp', 'good', 'neutral')]","[('brisket', 'best', 'positive'), ('ribs', 'best', 'positive'), ('wings', 'good', 'positive'), ('wings', 'not great', 'positive')]"
445,"[('atmosphere', 'artsy', 'positive'), ('atmosphere', 'laid-back', 'positive')]","[('bars', 'hip', 'positive'), ('atmosphere', 'laid-back', 'positive'), ('takeout', 'artsy', 'positive'), ('burger joint', 'eat-in', 'positive')]"
446,"[('menu', 'impressive', 'positive'), ('menu', 'creative', 'positive'), ('Japanese dishes', 'modern', 'neutral'), ('Japanese dishes', 'Westernized', 'neutral'), ('Foie Gras Unagi Napolean', 'modern', 'neutral'), ('Foie Gras Unagi Napolean', 'Westernized', 'neutral'), ('Jap style hamburger steak', 'modern', 'neutral'), ('Jap style hamburger steak', 'Westernized', 'neutral'), ('spicy cod roe spaghetti', 'modern', 'neutral'), ('', '', '')]","[('menu', 'impressive', 'positive'), ('menu', 'creative', 'positive'), ('Japanese dishes', 'modern', 'positive'), ('burger steak', 'spicy', 'positive'), ('cod with miso base', 'black', 'positive'), ('roof of lamb in black truffle sauce', 'to name a few', 'positive')]"
447,"[('food', 'excellent', 'positive'), ('appetizers', 'not expensive', 'positive')]","[('food', 'excellent', 'positive'), ('entrees', 'not expensive', 'positive'), ('appetizers', 'excellent', 'positive')]"
448,"[('food', 'consistant', 'positive'), ('food', 'good', 'positive')]","[('food', 'consistant', 'positive'), ('food', 'good', 'positive'), ('Best Diner', 'beyond me', 'positive')]"
449,"[('pasta primavera', 'outstanding', 'positive'), ('fresh veggies', 'lots', 'positive')]","[('pasta primavera', 'outstanding', 'positive'), ('vegetables', 'fresh', 'positive')]"
450,"[('sushi', 'good', 'positive'), ('sushi', 'not fantastic', 'positive')]","[('sushi', 'good', 'neutral'), ('sushi', 'not fantastic', 'neutral')]"
451,"[('pizza', 'best', 'positive')]","[('pizza', 'best', 'positive')]"
452,"[('food', 'great', 'positive')]","[('food', 'great', 'positive')]"
453,"[('wine', 'great', 'positive'), ('dessert menu', 'great', 'positive')]","[('wine', 'great', 'positive'), ('dessert menu', 'great', 'positive')]"
454,"[('place', 'relaxing', 'positive'), ('bar', 'nice', 'positive')]","[('place', 'relaxing', 'positive'), ('bar', 'nice', 'positive')]"
455,"[('ambiance', 'fine', 'positive'), ('ambiance', 'loud', 'positive'), ('ambiance', 'nice', 'positive'), ('ambiance', 'romantic', 'positive')]","[('ambiance', 'fine', 'positive'), ('ambiance', 'loud', 'positive'), ('ambiance', 'romantic', 'positive')]"
456,"[('filet mignon', 'not very good', 'negative'), ('non-sushi selection', 'nice', 'positive'), ('appetizers', 'free', 'positive')]","[('filet mignon', 'not very good', 'negative'), ('appetizers', 'free', 'positive'), ('sushi selection', 'nice', 'positive')]"
457,"[('size', 'busy', 'negative')]","[('size', 'busy', 'negative')]"
458,"[('chicken tacos', 'awesome', 'positive'), ('Hibiscus lemonade', 'awesome', 'positive'), ('place', 'great', 'positive')]","[('chicken tacos', 'awesome', 'positive'), ('Hibiscus lemonade', 'awesome', 'positive')]"
459,"[('place', 'good', 'positive'), ('soup', 'simple', 'neutral'), ('french dish', 'classic', 'neutral')]","[('place', 'good', 'positive')]"
460,"[('place', 'nice', 'positive')]","[('touch', 'nice', 'positive')]"
461,"[('casual drink', 'enjoying', 'positive'), ('outdoors', 'great', 'positive')]","[('drink', 'casual', 'positive'), ('place', 'great', 'positive')]"
462,"[('dishes', 'good', 'positive'), ('lamb entree', 'good', 'positive'), ('salads ( avocado shrimp )', 'good', 'positive')]","[('lamb entree', 'good', 'positive'), ('salads', 'good', 'positive'), ('carrots', 'correct', 'positive'), ('salads', 'good', 'positive'), ('seafoods', 'correct', 'neutral'), ('fried foods', 'correct', 'neutral')]"
463,"[('service', 'Slow', 'negative')]","[('service', 'Slow', 'negative')]"
464,"[('sauce', 'excellent', 'positive'), ('sauce', 'fresh', 'positive')]","[('sauce', 'excellent', 'positive'), ('sauce', 'fresh', 'positive'), ('dabs of real mozzarella', 'fresh', 'positive')]"
465,"[('drinks', 'awful', 'negative'), ('people', 'worst', 'negative'), ('dining', 'worst', 'negative')]","[('drinks', 'awful', 'negative'), ('people', 'worst', 'negative')]"
466,"[('room', 'plain', 'negative')]","[('place', 'small', 'negative')]"
467,"[('Prices', 'great', 'positive')]","[('Prices', 'great', 'positive')]"
468,"[('space', 'private', 'positive'), ('space', 'comfortable', 'positive'), ('outdoor eating area', 'small', 'positive')]","[('space', 'private', 'positive'), ('space', 'comfortable', 'positive')]"
469,"[('dessert', 'best', 'positive')]","[('dessert', 'best', 'positive'), ('coconut and peanut butter tart', 'best', 'positive'), ('world', 'small', 'positive')]"
470,"[('appetizer', 'winner', 'neutral'), ('calamari', 'winner', 'positive')]","[('calamari', 'winner', 'positive')]"
471,"[('room', 'gorgeous', 'positive'), ('bi-level space', 'gorgeous', 'positive'), ('long bar', 'perfect', 'positive')]","[('space', 'gorgeous', 'positive'), ('bar', 'long', 'positive'), ('drink', 'long', 'positive')]"
472,"[('appetizer selection', 'stinks', 'negative')]","[('appetizer selection', 'stinks', 'negative'), ('mussolini sticks', 'nice', 'negative')]"
473,"[('service', 'prompt', 'positive'), ('service', 'friendly', 'positive')]","[('waitstaff', 'impressed', 'positive'), ('service', 'prompt', 'positive'), ('service', 'friendly', 'positive')]"
474,"[('chicken and falafel platters', 'nondescript', 'neutral'), ('fresh leaf salad', 'fresh', 'neutral')]","[('chicken', 'nondescript', 'positive'), ('falafel platters', 'nondescript', 'positive'), ('fresh leaf salad', 'fresh', 'positive')]"
475,"[('waiters', 'bad', 'negative')]","[('waiters', 'bad', 'negative')]"
476,"[('desserts', 'excellent', 'positive'), ('coffee', 'good', 'positive')]","[('service', 'great', 'positive'), ('desserts', 'excellent', 'positive'), ('coffee', 'good', 'positive')]"
477,"[('Focacchia bread', 'die for', 'neutral')]","[('Focacchia bread', 'die for', 'positive')]"
478,"[('smoothies', 'big', 'negative'), ('fresh juices', 'best', 'positive')]","[('smooths', 'big', 'negative'), ('fresh juices', 'best', 'positive')]"
479,"[('pialla', 'good', 'positive'), ('dish', 'good', 'positive')]","[('food', 'OKAY', 'negative'), ('pialla', 'good', 'positive')]"
480,"[('flavor', 'lacking', 'negative')]","[('guac', 'fresh', 'positive'), ('salad', 'lacking', 'positive')]"
481,"[('prices', 'raised', 'negative'), ('new menu', 'creative', 'positive')]","[('menu', 'new', 'positive'), ('staff', 'friendly', 'positive')]"
482,"[('food', 'good', 'positive')]","[('food', 'good', 'positive')]"
483,"[('food', 'mediocre', 'neutral'), ('prices', 'exorbitant', 'negative')]","[('food', 'mediocre', 'neutral'), ('prices', 'exorbitant', 'negative')]"
484,"[('service', 'severely slow', 'negative'), ('food', 'mediocre', 'neutral')]","[('food', 'mediocre', 'neutral'), ('service', 'slow', 'negative')]"
485,"[('food', 'mediocre', 'neutral')]","[('food', 'mediocre', 'neutral')]"
486,"[('waiter', 'rude', 'negative')]","[('waiter', 'rude', 'negative')]"
487,"[('bartender', 'Sweet', 'positive'), ('bartender', 'happy', 'positive')]","[('bartender', 'sweet', 'positive')]"
488,"[('service', 'bad', 'negative'), ('drinks', 'good', 'neutral')]","[('drinks', 'good', 'positive'), ('service', 'bad', 'negative')]"
489,"[('owner', 'fake', 'negative')]","[('owner', 'fake', 'negative')]"
490,"[('Owner', 'pleasant', 'positive'), ('Owner', 'entertaining', 'positive')]","[('Owner', 'pleasant', 'positive'), ('Owner', 'entertaining', 'positive')]"
491,"[('Creamy appetizers', 'Creamy', 'positive'), ('Creamy appetizers', 'excellent', 'positive'), ('warm pitas', 'warm', 'neutral'), ('taramasalata', 'Creamy', 'positive'), ('eggplant salad', 'excellent', 'positive'), ('', '', '')]","[('creamy appetizers', 'excellent', 'positive'), ('seafood', 'excellent', 'positive'), ('eggplant salad', 'excellent', 'positive'), (' Greek yogurt', 'excellent', 'positive'), ('dill', 'excellent', 'positive'), ('pitas', 'warm', 'positive'), ('dill', 'excellent', 'positive'), ('dill', 'mild', 'positive'), ('dill', 'mild', 'positive'), ('garba', 'excellent', 'positive'), ('dill', 'warm', 'positive')]"
